Name,HEX,,,,,,,,,,,,,,
"""New Bridge"" color (Shinbashi-iro)",#006c7f,,,,,,,,,,,,,,
Absolute Zero,#0048BA,,,,,,,Absolute Zero,,TRUE,,,,Aloeswood brown (Tonocha),#5a6457
Acajou,#4c2f27,,,,,,,Acajou,,TRUE,,,,Aloewood (Kyara-iro),#6a432d
Acid green,#B0BF1A,,,,,,,Acid green,,TRUE,,,,Aluminum,#d6d6d6
Aero,#7CB9E8,,,,,,,Aero,,TRUE,,,,Aluminum foil,#d2d9db
Aero blue,#C9FFE5,,,,,,,Aero blue,,TRUE,,,,Amber (Kohaku-iro),#ca6924
African violet,#B284BE,,,,,,,African violet,,TRUE,,,,American blue,#3b3b6d
Air Force blue (RAF),#5d8aa8,,,,,,,Air Force blue (RAF),,TRUE,,,,American bronze,#391802
Air Force blue (USAF),#00308f,,,,,,,Air Force blue (USAF),,TRUE,,,,American brown,#804040
Air superiority blue,#72A0C1,,,,,,,Air superiority blue,,TRUE,,,,American gold,#d3af37
Alabama crimson,#af002a,,,,,,,Alabama crimson,,TRUE,,,,American green,#34b334
Alabaster,#EDEAE0,,,,,,,Alabaster,,TRUE,,,,American orange,#ff8b00
Alice blue,#F0F8FF,,,,,,,Alice blue,,TRUE,,,,American pink,#ff9899
Alien armpit,#84de02,,,,,,,,,FALSE,,,,American purple,#431c53
Alizarin crimson,#e32636,,,,,,,Alizarin crimson,,TRUE,,,,American red,#b32134
Alloy orange,#C46210,,,,,,,Alloy orange,,TRUE,,,,American silver,#cfcfcf
Almond,#EFDECD,,,,,,,Almond,,TRUE,,,,American violet,#551b8c
Amaranth,#E52B50,,,,,,,Amaranth,,TRUE,,,,American yellow,#f2b400
Amaranth deep purple,#9F2B68,,,,,,,Amaranth deep purple,,TRUE,,,,Amur cork tree (Kihada),#f3c13a
Amaranth pink,#F19CBB,,,,,,,Amaranth pink,,TRUE,,,,Apple,#66b447
Amaranth purple,#AB274F,,,,,,,Amaranth purple,,TRUE,,,,Aqua Blue color (Mizu-iro),#86aba5
Amaranth red,#D3212D,,,,,,,Amaranth red,,TRUE,,,,,
Amazon,#3B7A57,,,,,,,Amazon,,TRUE,,,,Asda Green,#7dc242
Amazonite,#00C4B0,,,,,,,,,FALSE,,,,Asda Green (1985),#00dea4
Amber,#FFBF00,,,,,,,Amber,,TRUE,,,,Asda Green (1994),#80c197
Amber (SAE/ECE),#FF7E00,,,,,,,,,FALSE,,,,Asda Green (1999),#66c992
American rose,#ff033e,,,,,,,Amber (SAE/ECE),,FALSE,,,,Asda Green (2002),#32ad61
Amethyst,#9966CC,,,,,,,,,FALSE,,,,Asda Orange,#c86500
Android green,#A4C639,,,,,,,,,FALSE,,,,Asda Orange (1968),#ca7309
Anti-flash white,#f2f3f4,,,,,,,,,FALSE,,,,Ateneo blue,#003a6c
Antique brass,#CD9575,,,,,,,,,FALSE,,,,Axolotl,#63775b
Antique bronze,#665D1E,,,,,,,,,FALSE,,,,Baiko brown (Baikocha),#857c55
Antique fuchsia,#915C83,,,,,,,,,FALSE,,,,Bayside,#5fc9bf
Antique ruby,#841B2D,,,,,,,,,FALSE,,,,Beer,#f28e1c
Antique white,#FAEBD7,,,,,,,,,FALSE,,,,Bellflower (Kikyo-iro),#5d3f6a
Ao (English),#008000,,,,,,,,,FALSE,,,,Betel nut dye (Binrojizome),#352925
Apple green,#8DB600,,,,,,,Apple green,,TRUE,,,,Birch brown (Kabacha),#b14a30
Apricot,#FBCEB1,,,,,,,Apricot,,TRUE,,,,Black (Kokushoku),#171412
Aqua,#00FFFF,,,,,,,Aqua,,TRUE,,,,Black chestnut oak (Kurotsurubami),#252321
Aquamarine,#7FFFD4,,,,,,,Aquamarine,,TRUE,,,,,
Arctic lime,#D0FF14,,,,,,,Arctic lime,,TRUE,,,,,
Army green,#4B5320,,,,,,,Army green,,TRUE,,,,,
Arsenic,#3b444b,,,,,,,,,FALSE,,,,,
Artichoke,#8F9779,,,,,,,Artichoke,,TRUE,,,,,
Arylide yellow,#E9D66B,,,,,,,Arylide yellow,,TRUE,,,,,
Ash gray,#B2BEB5,,,,,,,,,FALSE,,,,,
Asparagus,#87A96B,,,,,,,,,FALSE,,,,,
Atomic tangerine,#FF9966,,,,,,,,,FALSE,,,,,
Auburn,#A52A2A,,,,,,,Auburn,,TRUE,,,,,
Aureolin,#FDEE00,,,,,,,Aureolin,,TRUE,,,,,
AuroMetalSaurus,#6e7f80,,,,,,,AuroMetalSaurus,,TRUE,,,,,
Avocado,#568203,,,,,,,Avocado,,TRUE,,,,,
Awesome,#ff2052,,,,,,,Awesome,,TRUE,,,,,
Aztec gold,#c39953,,,,,,,,,FALSE,,,,,
Azure,#007FFF,,,,,,,Azure,,TRUE,,,,,
Azure (X11/web color),#F0FFFF,,,,,,,,,FALSE,,,,,
Azure mist,#f0ffff,,,,,,,Azure mist,,TRUE,,,,,
Azureish white,#dbe9f4,,,,,,,Azureish white,,TRUE,,,,,
Baby blue,#89CFF0,,,,,,,Baby blue,,TRUE,,,,,
Baby blue eyes,#A1CAF1,,,,,,,Baby blue eyes,,TRUE,,,,,
Baby pink,#F4C2C2,,,,,,,Baby pink,,TRUE,,,,,
Baby powder,#FEFEFA,,,,,,,Baby powder,,TRUE,,,,,
Baker-Miller pink,#FF91AF,,,,,,,Baker-Miller pink,,TRUE,,,,,
Ball blue,#21abcd,,,,,,,Ball blue,,TRUE,,,,,
Banana Mania,#FAE7B5,,,,,,,Banana Mania,,TRUE,,,,,
Banana yellow,#ffe135,,,,,,,Banana yellow,,TRUE,,,,,
Bangladesh green,#006a4e,,,,,,,Bangladesh green,,TRUE,,,,,
Barbie Pink,#DA1884,,,,,,,Barbie Pink,,TRUE,,,,,
Barn red,#7C0A02,,,,,,,Barn red,,TRUE,,,,,
Battery Charged Blue,#1dacd6,,,,,,,Battery charged blue,,TRUE,,,,,
Battleship grey,#848482,,,,,,,Battleship grey,,TRUE,,,,,
Bazaar,#98777b,,,,,,,Bazaar,,TRUE,,,,,
B'dazzled blue,#2E5894,,,,,,,B'dazzled blue,,TRUE,,,,,
Beau blue,#BCD4E6,,,,,,,Beau blue,,TRUE,,,,,
Beaver,#9F8170,,,,,,,Beaver,,TRUE,,,,,
Begonia,#fa6e79,,,,,,,Begonia,,TRUE,,,,,
Beige,#F5F5DC,,,,,,,Beige,,TRUE,,,,,
Big dip o'ruby,#9C2542,,,,,,,Big dip o’ruby,,FALSE,,,,,
Big Foot Feet,#e88e5a,,,,,,,Big Foot Feet,,TRUE,,,,,
Bisque,#FFE4C4,,,,,,,Bisque,,TRUE,,,,,
Bistre,#3D2B1F,,,,,,,Bistre,,TRUE,,,,,
Bistre brown,#967117,,,,,,,Bistre brown,,TRUE,,,,,
Bitter lemon,#CAE00D,,,,,,,Bitter lemon,,TRUE,,,,,
Bitter lime,#BFFF00,,,,,,,Bitter lime,,TRUE,,,,,
Bittersweet,#FE6F5E,,,,,,,Bittersweet,,TRUE,,,,,
Bittersweet shimmer,#BF4F51,,,,,,,Bittersweet shimmer,,TRUE,,,,,
Black,#000000,,,,,,,Black,,TRUE,,,,,
Black bean,#3D0C02,,,,,,,Black bean,,TRUE,,,,,
Black chocolate,#1B1811,,,,,,,Black chocolate,,TRUE,,,,Black kite (bird species) (Kurotobi),#351e1c
Black coffee,#3B2F2F,,,,,,,Black coffee,,TRUE,,,,Blood,#8a0303
Black Coral,#54626F,,,,,,,Black coral,,TRUE,,,,Blood (animal),#a41313
Black leather jacket,#253529,,,,,,,Black leather jacket,,TRUE,,,,Blood (organ),#630f0f
Black olive,#3B3C36,,,,,,,Black olive,,TRUE,,,,Blood orange,#d1001c
Black Shadows,#BFAFB2,,,,,,,Black Shadows,,TRUE,,,,Blood red (Benihi),#f35336
Blanched almond,#FFEBCD,,,,,,,Blanched almond,,TRUE,,,,Blue Black Crayfish (Aoni),#52593b
Blast-off bronze,#A57164,,,,,,,Blast-off bronze,,TRUE,,,,Blue cola,#0088dc
Bleu de France,#318CE7,,,,,,,Bleu de France,,TRUE,,,,Blue raspberry,#0cbfe9
Blizzard Blue,#ACE5EE,,,,,,,Blizzard blue,,TRUE,,,,Blue violet (Shikon),#2b2028
Blond,#FAF0BE,,,,,,,Blond,,TRUE,,,,Blue-green (Seiheki),#3a6960
Blood red,#660000,,,,,,,Blood red,,TRUE,,,,Boiled red bean brown (Momoshiocha),#542d24
Blue,#0000FF,,,,,,,Blue,,TRUE,,,,Bored accent green,#dde26a
Blue (Crayola),#1F75FE,,,,,,,Blue (Crayola),,TRUE,,,,,
Blue (Munsell),#0093AF,,,,,,,Blue (Munsell),,TRUE,,,,,
Blue (NCS),#0087BD,,,,,,,Blue (NCS),,TRUE,,,,,
Blue (Pantone),#0018A8,,,,,,,Blue (Pantone),,TRUE,,,,,
Blue (pigment),#333399,,,,,,,Blue (pigment),,TRUE,,,,,
Blue (RYB),#0247FE,,,,,,,Blue (RYB),,TRUE,,,,,
Blue Bell,#A2A2D0,,,,,,,Blue bell,,TRUE,,,,,
Blue Bolt,#00b9fb,,,,,,,Blue bolt,,TRUE,,,,,
Blue Jeans,#5DADEC,,,,,,,Blue jeans,,TRUE,,,,,
Blue Lagoon,#ACE5EE,,,,,,,Blue lagoon,,TRUE,,,,,
Blue sapphire,#126180,,,,,,,Blue sapphire,,TRUE,,,,,
Blue yonder,#5072A7,,,,,,,Blue yonder,,TRUE,,,,,
Blueberry,#4F86f7,,,,,,,Blueberry,,TRUE,,,,,
Bluebonnet,#1c1cf0,,,,,,,Bluebonnet,,TRUE,,,,,
Blue-gray,#6699CC,,,,,,,Blue-gray,,TRUE,,,,,
Blue-green,#0D98BA,,,,,,,Blue-green,,TRUE,,,,,
Blue-green (color wheel),#064E40,,,,,,,Blue-green (color wheel),,TRUE,,,,,
Blue-magenta violet,#553592,,,,,,,Blue-magenta violet,,TRUE,,,,,
Bluetiful,#3C69E7,,,,,,,Blue-violet,,FALSE,,,,,
Blue-violet,#8A2BE2,,,,,,,Blue-violet (color wheel),,FALSE,,,,Boy red,#0e9ca5
Blue-violet (color wheel),#4D1A7F,,,,,,,Blue-violet (Crayola),,FALSE,,,,Brave orange,#ff631c
Blue-violet (Crayola),#7366BD,,,,,,,,,FALSE,,,,Brewed mustard-brown (Tokigaracha),#e68364
Blush,#DE5D83,,,,,,,Blush,,TRUE,,,,Bright pink,#ff007f
Bole,#79443B,,,,,,,Bole,,TRUE,,,,Bright turquoise,#08e8de
Bondi blue,#0095b6,,,,,,,Bondi blue,,TRUE,,,,Bright ube,#d19fe8
Bone,#E3DAC9,,,,,,,Bone,,TRUE,,,,,
Booger Buster,#dde26a,,,,,,,,,FALSE,,,,,
Boston University Red,#cc0000,,,,,,,,,FALSE,,,,,
Bottle green,#006A4E,,,,,,,,,FALSE,,,,,
Boysenberry,#873260,,,,,,,Boysenberry,,TRUE,,,,,
Brandeis blue,#0070ff,,,,,,,Brandeis blue,,TRUE,,,,,
Brandy,#87413F,,,,,,,Brandy,,TRUE,,,,,
Brass,#b5a642,,,,,,,Brass,,TRUE,,,,,
Brick red,#CB4154,,,,,,,Brick red,,TRUE,,,,,
Bright cerulean,#1dacd6,,,,,,,Bright gray,,FALSE,,,,,
Bright green,#66FF00,,,,,,,Bright green,,TRUE,,,,,
Bright lavender,#bf94e4,,,,,,,Bright lavender,,TRUE,,,,,
Bright lilac,#D891EF,,,,,,,Bright lilac,,TRUE,,,,,
Bright maroon,#C32148,,,,,,,Bright maroon,,TRUE,,,,,
Bright navy blue,#1974D2,,,,,,,Bright navy blue,,TRUE,,,,,
Bright yellow (Crayola),#FFAA1D,,,,,,,Bright yellow (Crayola),,TRUE,,,,,
Brilliant lavender,#f4bbff,,,,,,,Brilliant azure,,FALSE,,,,,
Brilliant azure,#3399ff,,,,,,,Brilliant lavender,,FALSE,,,,,
Brilliant rose,#FF55A3,,,,,,,Brilliant rose,,TRUE,,,,,
Brink pink,#FB607F,,,,,,,Brink pink,,TRUE,,,,,
British racing green,#004225,,,,,,,British racing green,,TRUE,,,,,
Bronze,#CD7F32,,,,,,,Bronze,,TRUE,,,,,
Bronze Yellow,#737000,,,,,,,Bronze,,FALSE,,,,,
Brown (traditional),#964B00,,,,,,,Bronze (metallic),,FALSE,,,,Brushwood-dyed (Fushizome),#8c5939
Brown Sugar,#AF6E4D,,,,,,,Bronze yellow,,FALSE,,,,Button blue,#24a0ed
Brown Yellow,#CC9966,,,,,,,Brown,,FALSE,,,,Cadmium blue,#0a1195
Brown-nose,#6b4423,,,,,,,Brown (Crayola),,FALSE,,,,Cadmium purple,#b60c26
Brunswick green,#1B4D3E,,,,,,,Brown (traditional),,FALSE,,,,Cadmium violet,#7f3e98
Bubble gum,#ffc1cc,,,,,,,Bubble gum,,TRUE,,,,Calamansi,#fcffa4
Bubbles,#e7feff,,,,,,,Bubbles,,TRUE,,,,,
Bud green,#7BB661,,,,,,,Bud green,,TRUE,,,,,
Buff,#F0DC82,,,,,,,Buff,,TRUE,,,,,
Bulgarian rose,#480607,,,,,,,Bulgarian rose,,TRUE,,,,,
Burgundy,#800020,,,,,,,Burgundy,,TRUE,,,,,
Burlywood,#DEB887,,,,,,,Burlywood,,TRUE,,,,,
Burnished Brown,#A17A74,,,,,,,Burnished brown,,TRUE,,,,,
Burnt orange,#CC5500,,,,,,,Burnt orange,,TRUE,,,,,
Burnt sienna,#E97451,,,,,,,Burnt sienna,,TRUE,,,,,
Burnt umber,#8A3324,,,,,,,Burnt umber,,TRUE,,,,,
Byzantine,#BD33A4,,,,,,,Byzantine,,TRUE,,,,,
Byzantium,#702963,,,,,,,Byzantium,,TRUE,,,,,
Cadet,#536872,,,,,,,Cadet,,TRUE,,,,,
Cadet blue,#5F9EA0,,,,,,,Cadet blue,,TRUE,,,,,
Cadet blue (Crayola),#A9B2C3,,,,,,,Cadet blue (Crayola),,TRUE,,,,,
Cadet grey,#91A3B0,,,,,,,Cadet grey,,TRUE,,,,,
Cadmium green,#006B3C,,,,,,,Cadmium green,,TRUE,,,,,
Cadmium orange,#ED872D,,,,,,,Cadmium orange,,TRUE,,,,,
Cadmium red,#E30022,,,,,,,Cadmium red,,TRUE,,,,,
Cadmium yellow,#FFF600,,,,,,,Cadmium yellow,,TRUE,,,,,
Cafe au lait,#A67B5B,,,,,,,Café au lait,,FALSE,,,,,
Cafe noir,#4B3621,,,,,,,Café noir,,FALSE,,,,,
Cal Poly Pomona green,#1e4d2b,,,,,,,Cal Poly Pomona green,,TRUE,,,,,
Cambridge Blue,#A3C1AD,,,,,,,Cambridge blue,,TRUE,,,,,
Camel,#C19A6B,,,,,,,Camel,,TRUE,,,,,
Cameo pink,#EFBBCC,,,,,,,Cameo pink,,TRUE,,,,,
Camouflage green,#78866b,,,,,,,Camouflage green,,TRUE,,,,,
Canary,#FFFF99,,,,,,,Canary,,TRUE,,,,,
Canary yellow,#FFEF00,,,,,,,Canary yellow,,TRUE,,,,,
Candy apple red,#FF0800,,,,,,,Candy apple red,,TRUE,,,,,
Candy pink,#E4717A,,,,,,,Candy pink,,TRUE,,,,Cape jasmine or gardenia (Kuchinashi),#ffb95a
Capri,#00BFFF,,,,,,,Capri,,TRUE,,,,Caramel,#ffd59a
Caput mortuum,#592720,,,,,,,Caput mortuum,,TRUE,,,,Caribbean blue,#1ac1dd
Cardinal,#C41E3A,,,,,,,Cardinal,,TRUE,,,,Carmine pink,#eb4c42
Caribbean green,#00CC99,,,,,,,Caribbean green,,TRUE,,,,Cattail (the plant) (Kaba-iro),#b64925
Carmine,#960018,,,,,,,Carmine,,TRUE,,,,,
Carmine (M&P),#D70040,,,,,,,Carmine (M&P),,TRUE,,,,Cerise pink,#ec3b83
Carnation pink,#FFA6C9,,,,,,,Carnation pink,,TRUE,,,,Charm,#d0748b
Carolina blue,#56A0D3,,,,,,,Carolina blue,,TRUE,,,,,
Carrot orange,#ED9121,,,,,,,Carrot orange,,TRUE,,,,,
Castleton green,#00563F,,,,,,,Castleton green,,TRUE,,,,,
Catalina blue,#062a78,,,,,,,Catalina blue,,TRUE,,,,,
Catawba,#703642,,,,,,,Catawba,,TRUE,,,,,
Cedar Chest,#C95A49,,,,,,,Cedar Chest,,TRUE,,,,,
Ceil,#92a1cf,,,,,,,Ceil,,TRUE,,,,,
Celadon,#ACE1AF,,,,,,,Celadon,,TRUE,,,,,
Celadon blue,#007BA7,,,,,,,Celadon blue,,TRUE,,,,,
Celadon green,#2F847C,,,,,,,Celadon green,,TRUE,,,,,
Celeste,#B2FFFF,,,,,,,Celeste,,TRUE,,,,,
Celestial blue,#4997d0,,,,,,,Celestial blue,,TRUE,,,,,
Celtic blue,#246BCE,,,,,,,Celtic blue,,TRUE,,,,,
Cerise,#DE3163,,,,,,,Cerise,,TRUE,,,,,
Cerulean,#007BA7,,,,,,,Cerulean blue,,FALSE,,,,,
Cerulean (Crayola),#1DACD6,,,,,,,Cerulean frost,,FALSE,,,,,
Cerulean blue,#2A52BE,,,,,,,Cetacean blue,,FALSE,,,,,
Cerulean frost,#6D9BC3,,,,,,,,,FALSE,,,,,
CG Blue,#007AA5,,,,,,,CG blue,,TRUE,,,,,
CG Red,#E03C31,,,,,,,CG red,,TRUE,,,,,
Chamoisee,#a0785a,,,,,,,Chamoisee,,TRUE,,,,,
Champagne,#F7E7CE,,,,,,,Champagne,,TRUE,,,,,
Champagne pink,#F1DDCF,,,,,,,Champagne pink,,TRUE,,,,,
Charcoal,#36454F,,,,,,,Charcoal,,TRUE,,,,,
Charcoal grey,#36454f,,,,,,,,,FALSE,,,,,
Charleston green,#232B2B,,,,,,,Charleston green,,TRUE,,,,,
Charm pink,#E68FAC,,,,,,,Charm pink,,TRUE,,,,Cheese,#ffa600
Chartreuse (traditional),#DFFF00,,,,,,,Chartreuse (traditional),,TRUE,,,,Cherry blossom (Sakura-iro),#fcc9b9
Chartreuse (web),#7FFF00,,,,,,,,,FALSE,,,,Cherry blossom mouse (Sakuranezumi),#ac8181
Cherry,#de3163,,,,,,,,,FALSE,,,,Cherry blossom pink,#ffb7c5
Cherry blossom pink,#FFB7C5,,,,,,,,,FALSE,,,,Chestnut-leather brown (Kurikawacha),#60281e
Chestnut,#954535,,,,,,,Chestnut,,TRUE,,,,Chickadee,#ffc34d
China pink,#DE6FA1,,,,,,,China pink,,TRUE,,,,Chinese black,#141414
China rose,#A8516E,,,,,,,China rose,,TRUE,,,,Chinese blue,#365194
Chinese red,#AA381E,,,,,,,,,FALSE,,,,Chinese bronze,#cd8032
Chinese violet,#856088,,,,,,,,,FALSE,,,,Chinese brown,#ab381f
Chinese yellow,#FFB200,,,,,,,,,FALSE,,,,Chinese gold,#cc9900
Chlorophyll green,#4aff00,,,,,,,Chlorophyll green,,TRUE,,,,Chinese green,#d0db61
Chocolate (traditional),#7B3F00,,,,,,,Chocolate (traditional),,TRUE,,,,Chinese orange,#f37042
Chrome yellow,#FFA700,,,,,,,Chrome yellow,,TRUE,,,,Chinese pink,#de70a1
Cinereous,#98817B,,,,,,,Cinereous,,TRUE,,,,Chinese purple,#720b98
Cinnabar,#E34234,,,,,,,Cinnabar,,TRUE,,,,Chinese red,#aa381e
Cinnamon,#d2691e,,,,,,,Cinnamon,,TRUE,,,,Chinese red,#cd071e
Cinnamon Satin,#CD607E,,,,,,,Cinnamon Satin,,TRUE,,,,Chinese silver,#cccccc
Citrine,#E4D00A,,,,,,,Citrine,,TRUE,,,,,
Citron,#9FA91F,,,,,,,Citron,,TRUE,,,,Chinese white,#e2e5de
Claret,#7F1734,,,,,,,Claret,,TRUE,,,,Chinese yellow tea-colored (Kigaracha),#b7702d
Classic rose,#fbcce7,,,,,,,Classic rose,,TRUE,,,,Chocolate brown,#3f000f
Cobalt Blue,#0047AB,,,,,,,Cobalt blue,,TRUE,,,,Chocolate cosmos,#58111a
Cocoa brown,#D2691E,,,,,,,Coconut,,FALSE,,,,Chocolate Kisses,#3c1421
Coconut,#965a3e,,,,,,,,,FALSE,,,,Chrome aluminum,#a8a9ad
Coffee,#6F4E37,,,,,,,Coffee,,TRUE,,,,Citrine Brown,#933709
Columbia Blue,#B9D9EB,,,,,,,Columbia Blue,,TRUE,,,,Clove-brown (Chojicha),#8f583c
Congo pink,#F88379,,,,,,,Congo pink,,TRUE,,,,Clove-dyed (Chojizome),#a96232
Cool Black,#002e63,,,,,,,,,FALSE,,,,Coarse wool color (Kachi-iro),#181b26
Cool grey,#8C92AC,,,,,,,,,FALSE,,,,Coconut White,#e9edf6
Copper,#B87333,,,,,,,,,FALSE,,,,Codium fragile seaweed (Miru-iro),#524b2a
Copper (Crayola),#DA8A67,,,,,,,,,FALSE,,,,Cola,#3c3024
Copper penny,#AD6F69,,,,,,,Copper,,FALSE,,,,Conditioner,#ffffcc
Copper red,#CB6D51,,,,,,,Copper (Crayola),,FALSE,,,,Contemplation in a tea garden (Rokocha),#665343
Copper rose,#996666,,,,,,,Copper penny,,FALSE,,,,Cookies and cream,#eee0b1
Coquelicot,#FF3800,,,,,,,Coquelicot,,TRUE,,,,,
Coral,#FF7F50,,,,,,,Coral,,TRUE,,,,Coral (Sango-iro),#f8674f
Coral pink,#F88379,,,,,,,,,FALSE,,,,Coral reef,#fd7c6e
Cordovan,#893F45,,,,,,,Cordovan,,TRUE,,,,Coral Reef (Valspar Paint Color),#f6a494
Corn,#FBEC5D,,,,,,,Corn,,TRUE,,,,Coral red,#ff4040
Cornell Red,#B31B1B,,,,,,,,,FALSE,,,,Corn-colored (Tomorokoshi-iro),#faa945
Cornflower blue,#6495ED,,,,,,,Cornflower blue,,TRUE,,,,,
Cornsilk,#FFF8DC,,,,,,,Cornsilk,,TRUE,,,,Crystal,#a7d8de
Cosmic Cobalt,#2E2D88,,,,,,,Cosmic cobalt,,TRUE,,,,Crystal blue,#68a0b0
Cosmic latte,#FFF8E7,,,,,,,Cosmic latte,,TRUE,,,,,
Cotton candy,#FFBCD9,,,,,,,Cotton candy,,TRUE,,,,Cool black,#002e63
Coyote brown,#81613C,,,,,,,Coyote brown,,TRUE,,,,Cool grey,#8c92ac
Cream,#FFFDD0,,,,,,,Cream,,TRUE,,,,,
Crimson,#DC143C,,,,,,,Crimson,,TRUE,,,,,
Crimson glory,#BE0032,,,,,,,Crimson glory,,TRUE,,,,,
Crimson red,#990000,,,,,,,Crimson red,,TRUE,,,,,
Cultured,#F5F5F5,,,,,,,Cultured,,TRUE,,,,,
Cyan,#00FFFF,,,,,,,Cyan (process),,FALSE,,,,,
Cyan (process),#00B7EB,,,,,,,Cyan azure,,FALSE,,,,,
Cyan azure,#4e82b4,,,,,,,Cyan cobalt blue,,FALSE,,,,,
Cyan cobalt blue,#28589C,,,,,,,Cyan cornflower blue,,FALSE,,,,,
Cyan cornflower blue,#188bc2,,,,,,,Cyan-blue azure,,FALSE,,,,,
Cyan-blue azure,#4682bf,,,,,,,,,FALSE,,,,Cypress bark (Hihada-iro),#752e23
Cyber grape,#58427C,,,,,,,Cyber grape,,TRUE,,,,Cypress bark red (Benihibata),#6f3028
Cyber yellow,#FFD300,,,,,,,Cyber yellow,,TRUE,,,,Dandelion (Crayola),#fddb6d
Cyclamen,#F56FA1,,,,,,,Cyclamen,,TRUE,,,,Dark blue (Kon),#192236
Daffodil,#ffff31,,,,,,,Daffodil,,TRUE,,,,Dark blue lapis lazuli (Rurikon),#1b294b
Dandelion,#f0e130,,,,,,,Dandelion,,TRUE,,,,Dark bronze,#804a00
Dark blue,#00008b,,,,,,,Dark blue,,TRUE,,,,Dark bronze (coin),#514100
Dark blue-gray,#666699,,,,,,,Dark blue-gray,,TRUE,,,,Dark charcoal,#333333
Dark brown,#654321,,,,,,,Dark brown,,TRUE,,,,Dark chocolate,#490206
Dark brown-tangelo,#88654e,,,,,,,Dark brown-tangelo,,TRUE,,,,,
Dark byzantium,#5D3954,,,,,,,Dark byzantium,,TRUE,,,,,
Dark candy apple red,#a40000,,,,,,,Dark candy apple red,,TRUE,,,,,
Dark cerulean,#08457e,,,,,,,Dark cerulean,,TRUE,,,,,
Dark chestnut,#986960,,,,,,,Dark chestnut,,TRUE,,,,,
Dark coral,#cd5b45,,,,,,,Dark coral,,TRUE,,,,,
Dark cornflower blue,#26428B,,,,,,,Dark cornflower blue,,TRUE,,,,,
Dark cyan,#008B8B,,,,,,,Dark cyan,,TRUE,,,,,
Dark electric blue,#536878,,,,,,,Dark electric blue,,TRUE,,,,,
Dark goldenrod,#B8860B,,,,,,,Dark gold,,FALSE,,,,,
Dark green,#013220,,,,,,,Dark goldenrod,,FALSE,,,,,
Dark green (X11),#006400,,,,,,,Dark gray (X11),,FALSE,,,,,
Dark grey,#a9a9a9,,,,,,,Dark green,,FALSE,,,,,
Dark gunmetal,#1f262a,,,,,,,Dark green (X11),,FALSE,,,,,
Dark imperial blue,#00147e,,,,,,,Dark gunmetal,,FALSE,,,,,
Dark jungle green,#1A2421,,,,,,,Dark imperial blue,,FALSE,,,,,
Dark jungle green,#1a2421,,,,,,,Dark imperial blue,,FALSE,,,,,
Dark khaki,#BDB76B,,,,,,,Dark indigo (Futaai),,FALSE,,,,,
Dark lava,#483C32,,,,,,,Dark jungle green,,FALSE,,,,,
Dark lavender,#734f96,,,,,,,Dark khaki,,FALSE,,,,,
Dark liver,#534B4F,,,,,,,Dark lava,,FALSE,,,,,
Dark liver (horses),#543D37,,,,,,,Dark lavender,,FALSE,,,,Dark Navy,#02075d
Dark magenta,#8B008B,,,,,,,Dark lemon lime,,FALSE,,,,Dark red (Kurobeni),#23191e
Dark midnight blue,#003366,,,,,,,Dark liver,,FALSE,,,,,
Dark moss green,#4A5D23,,,,,,,Dark liver (horses),,FALSE,,,,,
Dark olive green,#556B2F,,,,,,,Dark magenta,,FALSE,,,,,
Dark orange,#FF8C00,,,,,,,Dark midnight blue,,FALSE,,,,,
Dark orchid,#9932CC,,,,,,,Dark moss green,,FALSE,,,,,
Dark pastel blue,#779ecb,,,,,,,,,FALSE,,,,,
Dark pastel green,#03C03C,,,,,,,Dark olive green,,FALSE,,,,,
Dark pastel purple,#966fd6,,,,,,,Dark orange,,FALSE,,,,,
Dark pastel red,#c23b22,,,,,,,Dark orchid,,FALSE,,,,,
Dark pink,#e75480,,,,,,,Dark pastel blue,,FALSE,,,,,
Dark powder blue,#003399,,,,,,,Dark pastel green,,FALSE,,,,,
Dark puce,#4f3a3c,,,,,,,Dark pastel purple,,FALSE,,,,,
Dark purple,#301934,,,,,,,Dark pastel red,,FALSE,,,,,
Dark raspberry,#872657,,,,,,,Dark pink,,FALSE,,,,,
Dark red,#8B0000,,,,,,,Dark powder blue,,FALSE,,,,,
Dark salmon,#E9967A,,,,,,,Dark puce,,FALSE,,,,,
Dark sapphire,#082567,,,,,,,Dark purple,,FALSE,,,,,
Dark scarlet,#560319,,,,,,,Dark raspberry,,FALSE,,,,,
Dark sea green,#8FBC8F,,,,,,,Dark red,,FALSE,,,,,
Dark sienna,#3C1414,,,,,,,,,FALSE,,,,,
Dark sky blue,#8CBED6,,,,,,,Dark salmon,,FALSE,,,,,
Dark slate blue,#483D8B,,,,,,,Dark scarlet,,FALSE,,,,,
Dark slate gray,#2F4F4F,,,,,,,Dark sea green,,FALSE,,,,,
Dark spring green,#177245,,,,,,,Dark sienna,,FALSE,,,,,
Dark tan,#918151,,,,,,,Dark silver,,FALSE,,,,,
Dark tangerine,#FFa812,,,,,,,Dark sky blue,,FALSE,,,,,
Dark taupe,#483c32,,,,,,,Dark slate blue,,FALSE,,,,,
Dark terra cotta,#CC4e5c,,,,,,,Dark slate gray,,FALSE,,,,,
Dark turquoise,#00CED1,,,,,,,Dark spring green,,FALSE,,,,,
Dark vanilla,#d1bea8,,,,,,,Dark tan,,FALSE,,,,,
Dark violet,#9400D3,,,,,,,Dark tangerine,,FALSE,,,,,
Dark yellow,#9b870c,,,,,,,Dark terra cotta,,FALSE,,,,,
Dartmouth green,#00703C,,,,,,,Dartmouth green,,TRUE,,,,,
Davy's grey,#555555,,,,,,,Davy's grey,,TRUE,,,,Dawn-color (Akebono-iro),#fa7b62
Debian red,#d70a53,,,,,,,Debian red,,TRUE,,,,Daylily-colored (Kanzo-iro),#ff8936
Deep aquamarine,#40826d,,,,,,,Deep aquamarine,,TRUE,,,,Decaying leaves (Kuchiba-iro),#d57835
Deep carmine,#a9203e,,,,,,,Deep carmine,,TRUE,,,,Deep amethyst,#9c8aa4
Deep carmine pink,#ef3038,,,,,,,Deep carmine pink,,TRUE,,,,,
Deep carrot orange,#e9692c,,,,,,,Deep carrot orange,,TRUE,,,,,
Deep cerise,#DA3287,,,,,,,Deep cerise,,TRUE,,,,,
Deep champagne,#FAD6A5,,,,,,,Deep champagne,,TRUE,,,,,
Deep chestnut,#B94E48,,,,,,,Deep chestnut,,TRUE,,,,,
Deep coffee,#704241,,,,,,,Deep coffee,,TRUE,,,,,
Deep fuchsia,#c154c1,,,,,,,Deep fuchsia,,TRUE,,,,,
Deep Green,#056608,,,,,,,Deep green,,TRUE,,,,,
Deep green-cyan turquoise,#0e7c61,,,,,,,Deep green-cyan turquoise,,TRUE,,,,,
Deep jungle green,#004B49,,,,,,,Deep jungle green,,TRUE,,,,,
Deep koamaru,#333366,,,,,,,Deep koamaru,,TRUE,,,,,
Deep lemon,#f5c71a,,,,,,,Deep lemon,,TRUE,,,,,
Deep lilac,#9955bb,,,,,,,Deep lilac,,TRUE,,,,,
Deep magenta,#cc00cc,,,,,,,Deep magenta,,TRUE,,,,Deep dumpling,#9b351b
Deep maroon,#820000,,,,,,,Deep maroon,,TRUE,,,,,
Deep mauve,#d473d4,,,,,,,Deep mauve,,TRUE,,,,Deep moss green,#355e3b
Deep peach,#ffcba4,,,,,,,Deep peach,,TRUE,,,,,
Deep pink,#FF1493,,,,,,,Deep pink,,TRUE,,,,,
Deep puce,#a95c68,,,,,,,Deep puce,,TRUE,,,,Deep purple (Kokimurasaki),#3a243b
Deep Red,#850101,,,,,,,Deep red,,TRUE,,,,,
Deep ruby,#843f5b,,,,,,,Deep ruby,,TRUE,,,,,
Deep saffron,#FF9933,,,,,,,Deep saffron,,TRUE,,,,Deep scarlet (Kokiake),#7b3b3a
Deep sky blue,#00BFFF,,,,,,,,,FALSE,,,,,
Deep Space Sparkle,#4A646C,,,,,,,Deep Space Sparkle,,TRUE,,,,,
Deep spring bud,#556b2f,,,,,,,Deep taupe,,FALSE,,,,,
Deep Taupe,#7E5E60,,,,,,,Deep Tuscan red,,FALSE,,,,,
Deep Tuscan red,#66424d,,,,,,,Deep violet,,FALSE,,,,Delicate girl blue,#6ab2ca
Deep violet,#330066,,,,,,,,,FALSE,,,,,
Deer,#ba8759,,,,,,,Deer,,TRUE,,,,,
Denim,#1560BD,,,,,,,Denim,,TRUE,,,,,
Denim Blue,#2243B6,,,,,,,Denim blue,,TRUE,,,,,
Desaturated cyan,#669999,,,,,,,Desaturated cyan,,TRUE,,,,,
Desert,#C19A6B,,,,,,,Desert sand,,FALSE,,,,,
Desert sand,#EDC9AF,,,,,,,,,FALSE,,,,,
Desire,#ea3c53,,,,,,,Desire,,TRUE,,,,,
Diamond,#b9f2ff,,,,,,,Diamond,,TRUE,,,,,
Dim gray,#696969,,,,,,,Dim gray,,TRUE,,,,,
Dingy Dungeon,#c53151,,,,,,,Dingy Dungeon,,TRUE,,,,,
Dirt,#9b7653,,,,,,,Dirt,,TRUE,,,,,
Dodger blue,#1E90FF,,,,,,,Dodger blue,,TRUE,,,,Dirty white,#e8e4c9
Dogwood rose,#D71868,,,,,,,Dogwood rose,,TRUE,,,,Disappearing purple (Metsushi),#3f313a
Dollar bill,#85bb65,,,,,,,Dollar bill,,TRUE,,,,Dirty brown,#b5651e
Dolphin Grey,#828e84,,,,,,,Dolphin gray,,FALSE,,,,,
Donkey brown,#664c28,,,,,,,,,FALSE,,,,,
Drab,#967117,,,,,,,,,FALSE,,,,Dodie yellow,#fef65b
Duke blue,#00009C,,,,,,,Duke blue,,TRUE,,,,Douban Blue,#2496cd
Dust storm,#e5ccc9,,,,,,,Dust storm,,TRUE,,,,Douban Green,#2e963d
Dutch white,#EFDFBB,,,,,,,Dutch white,,TRUE,,,,Douban Light Yellow,#f7c58e
Earth yellow,#E1A95F,,,,,,,Earth yellow,,TRUE,,,,Dove feather grey (Hatobanezumi),#755d5b
Ebony,#555D50,,,,,,,Ebony,,TRUE,,,,Dull blue (Aonibi),#4f4944
Ecru,#C2B280,,,,,,,Ecru,,TRUE,,,,Durian,#b07939
Eerie black,#1B1B1B,,,,,,,Eerie black,,TRUE,,,,Durian White,#e6d0ab
Eggplant,#614051,,,,,,,Eggplant,,TRUE,,,,Durian Yellow,#e1bd27
Eggshell,#F0EAD6,,,,,,,Eggshell,,TRUE,,,,Dyestalk red (Bengara-iro),#913225
Egyptian blue,#1034A6,,,,,,,Egyptian blue,,TRUE,,,,Earthtone,#5d3a1a
Electric blue,#7DF9FF,,,,,,,Electric blue,,TRUE,,,,Egg-colored (Tamago-iro),#ffa631
Electric crimson,#ff003f,,,,,,,Electric crimson,,TRUE,,,,Eggshell paper-colored (Torinoko-iro),#e2be9f
Electric cyan,#00ffff,,,,,,,Electric green,,FALSE,,,,Elderberry,#17182b
Electric green,#00FF00,,,,,,,Electric indigo,,FALSE,,,,Electric brown,#b56257
Electric indigo,#6F00FF,,,,,,,Electric lime,,FALSE,,,,Electric red,#e60000
Electric lavender,#f4bbff,,,,,,,Electric orange,,FALSE,,,,,
Electric lime,#CCFF00,,,,,,,Electric pink,,FALSE,,,,Emerald green,#046307
Electric purple,#BF00FF,,,,,,,Electric purple,,TRUE,,,,,
Electric ultramarine,#3f00ff,,,,,,,Electric ultramarine,,TRUE,,,,,
Electric violet,#8F00FF,,,,,,,Electric violet,,TRUE,,,,,
Electric yellow,#ffff33,,,,,,,Electric yellow,,TRUE,,,,,
Emerald,#50C878,,,,,,,Emerald,,TRUE,,,,,
Eminence,#6C3082,,,,,,,Eminence,,TRUE,,,,,
English green,#1B4D3E,,,,,,,,,FALSE,,,,,
English lavender,#B48395,,,,,,,English lavender,,TRUE,,,,Facebook Blue,#39569c
English red,#AB4B52,,,,,,,English red,,TRUE,,,,,
English vermillion,#CC474B,,,,,,,English vermillion,,TRUE,,,,,
English violet,#563C5C,,,,,,,English violet,,TRUE,,,,,
Erin,#00FF40,,,,,,,,,FALSE,,,,Faded Sen no Rikyu's tea (Rikyushiracha),#b0927a
Eton blue,#96C8A2,,,,,,,Eton blue,,TRUE,,,,Faded spicy red-brown (Sodenkaracha),#9b533f
Eucalyptus,#44d7a8,,,,,,,Eucalyptus,,TRUE,,,,Fake purple (Nisemurasaki),#43242a
Fallow,#C19A6B,,,,,,,,,FALSE,,,,,
Falu red,#801818,,,,,,,Falu red,,TRUE,,,,,
Fandango,#B53389,,,,,,,Fandango,,TRUE,,,,,
Fandango pink,#DE5285,,,,,,,Fandango pink,,TRUE,,,,,
Fashion fuchsia,#F400A1,,,,,,,Fashion fuchsia,,TRUE,,,,,
Fawn,#E5AA70,,,,,,,Fawn,,TRUE,,,,,
Feldgrau,#4D5D53,,,,,,,Feldgrau,,TRUE,,,,,
Feldspar,#fdd5b1,,,,,,,Feldspar,,TRUE,,,,,
Fern green,#4F7942,,,,,,,Fern green,,TRUE,,,,,
Ferrari Red,#ff2800,,,,,,,Ferrari red,,TRUE,,,,,
Field drab,#6C541E,,,,,,,Field drab,,TRUE,,,,,
Fiery rose,#FF5470,,,,,,,Fiery rose,,TRUE,,,,,
Fire engine red,#CE2029,,,,,,,Fire engine red,,TRUE,,,,Finch-brown (Cardueline finch) (Hiwacha),#957b38
Fire opal,#E95C4B,,,,,,,Fire opal,,TRUE,,,,,
Firebrick,#B22222,,,,,,,Firebrick,,TRUE,,,,Flirtatious indigo tea (Aikobicha),#473f2d
Flame,#E25822,,,,,,,Flame,,TRUE,,,,Floral leaf-colored (Hanaba-iro or kayou-iro),#ffb94e
Flamingo pink,#fc8eac,,,,,,,Flamingo pink,,TRUE,,,,,
Flattery,#6b4423,,,,,,,,,FALSE,,,,,
Flavescent,#f7e98e,,,,,,,Flavescent,,TRUE,,,,,
Flax,#EEDC82,,,,,,,Flax,,TRUE,,,,,
Flickr Blue,#0063dc,,,,,,,,,FALSE,,,,Flesh,#ffe9d1
Flickr Pink,#FB0081,,,,,,,Flickr Blue,,FALSE,,,,Flower girl,#f498ad
Flirt,#A2006D,,,,,,,Flickr Pink,,FALSE,,,,,
Floral white,#FFFAF0,,,,,,,Floral white,,TRUE,,,,,
Fluorescent blue,#15F4EE,,,,,,,Fluorescent blue,,TRUE,,,,,
Fluorescent orange,#ffbf00,,,,,,,,,FALSE,,,,Foreign crimson (Karakurenai),#c91f37
Fluorescent pink,#ff1493,,,,,,,,,FALSE,,,,,
Fluorescent yellow,#ccff00,,,,,,,,,FALSE,,,,,
Folly,#ff004f,,,,,,,Folly,,TRUE,,,,,
Forest green,#228B22,,,,,,,,,FALSE,,,,,
Forest green (Crayola),#5FA777,,,,,,,Forest Green,,FALSE,,,,,
Forest green (traditional),#014421,,,,,,,Forest green (Crayola),,FALSE,,,,Fox-color (Kitsune-iro),#985629
French beige,#A67B5B,,,,,,,Forest green (traditional),,FALSE,,,,,
French bistre,#856D4D,,,,,,,French bistre,,TRUE,,,,,
French blue,#0072BB,,,,,,,French blue,,TRUE,,,,,
French fuchsia,#FD3F92,,,,,,,French fuchsia,,TRUE,,,,,
French lilac,#86608E,,,,,,,French lilac,,TRUE,,,,,
French lime,#9EFD38,,,,,,,French lime,,TRUE,,,,,
French mauve,#D473D4,,,,,,,,,FALSE,,,,,
French pink,#FD6C9E,,,,,,,French pink,,TRUE,,,,,
French plum,#811453,,,,,,,French plum,,TRUE,,,,,
French puce,#4e1609,,,,,,,French puce,,TRUE,,,,,
French raspberry,#C72C48,,,,,,,French raspberry,,TRUE,,,,,
French rose,#F64A8A,,,,,,,French rose,,TRUE,,,,,
French sky blue,#77B5FE,,,,,,,French sky blue,,TRUE,,,,,
French violet,#8806CE,,,,,,,French violet,,TRUE,,,,,
French wine,#ac1e44,,,,,,,French wine,,TRUE,,,,Fresh onion (Moegi),#5b8930
Fresh Air,#a6e7ff,,,,,,,Fresh Air,,TRUE,,,,,
Frostbite,#E936A7,,,,,,,Frostbite,,TRUE,,,,,
Fuchsia,#FF00FF,,,,,,,Fuchsia,,TRUE,,,,,
Fuchsia (Crayola),#C154C1,,,,,,,Fuchsia pink,,FALSE,,,,,
Fuchsia pink,#ff77ff,,,,,,,Fuchsia purple,,FALSE,,,,Garnet,#733635
Fuchsia purple,#CC397B,,,,,,,Fuchsia rose,,FALSE,,,,,
Fuchsia rose,#C74375,,,,,,,,,FALSE,,,,,
Fulvous,#E48400,,,,,,,Fulvous,,TRUE,,,,,
Fuzzy Wuzzy,#87421F,,,,,,,Fuzzy Wuzzy,,TRUE,,,,,
Gainsboro,#DCDCDC,,,,,,,Gainsboro,,TRUE,,,,,
Gamboge,#E49B0F,,,,,,,Gamboge,,TRUE,,,,,
Gamboge orange (brown),#996600,,,,,,,Gamboge (Too),,FALSE,,,,,
Gargoyle Gas,#ffdf46,,,,,,,Gargoyle Gas,,TRUE,,,,,
Generic viridian,#007F66,,,,,,,Generic viridian,,TRUE,,,,,
Ghost white,#F8F8FF,,,,,,,Ghost white,,TRUE,,,,,
Giant's Club,#b05c52,,,,,,,Giant's Club,,TRUE,,,,,
Giants orange,#fe5a1d,,,,,,,Giants orange,,TRUE,,,,,
Ginger,#b06500,,,,,,,,,FALSE,,,,,
Glaucous,#6082B6,,,,,,,Glaucous,,TRUE,,,,Gin,#d8e4bc
Glitter,#e6e8fa,,,,,,,,,FALSE,,,,,
Glossy Grape,#AB92B3,,,,,,,Glossy grape,,TRUE,,,,Glazed persimmon (Terigaki),#d34e36
GO green,#00AB66,,,,,,,GO green,,TRUE,,,,,
Gold (Crayola),#E6BE8A,,,,,,,Gold,,FALSE,,,,,
Gold (metallic),#D4AF37,,,,,,,Gold (Crayola),,FALSE,,,,,
Gold (web),#FFD700,,,,,,,Gold (metallic),,FALSE,,,,Gold foil,#bd9b16
Gold Fusion,#85754E,,,,,,,Gold Fusion,,TRUE,,,,,
Golden brown,#996515,,,,,,,Golden brown,,TRUE,,,,,
Golden poppy,#FCC200,,,,,,,Golden poppy,,TRUE,,,,,
Golden yellow,#FFDF00,,,,,,,Golden yellow,,TRUE,,,,Gold-brown (Yamabukicha),#cb7e1f
Goldenrod,#DAA520,,,,,,,,,FALSE,,,,,
Granite Grey,#676767,,,,,,,Granny Smith apple,,FALSE,,,,Golden brown (Kincha),#c66b27
Granny Smith Apple,#A8E4A0,,,,,,,Grape,,FALSE,,,,Golden fallen leaves (Kikuchiba),#e29c45
Grape,#6f2da8,,,,,,,,,FALSE,,,,Golden oak (Kitsurubami),#bb8141
Gray (web),#808080,,,,,,,Gray (X11 gray),,FALSE,,,,,
Gray (X11 gray),#BEBEBE,,,,,,,,,FALSE,,,,Golden yellow (Yamabuki-iro),#ffa400
Gray-asparagus,#465945,,,,,,,Gray-asparagus,,TRUE,,,,Golden-grey bamboo (Kinsusutake),#7d4e2d
Gray-blue,#8c92ac,,,,,,,,,FALSE,,,,,
Green,#00FF00,,,,,,,Green,,TRUE,,,,,
Green (Crayola),#1CAC78,,,,,,,Green (Crayola),,TRUE,,,,Google Chrome blue,#4c8bf5
Green (Munsell),#00A877,,,,,,,Green (Midori),,FALSE,,,,Google Chrome green,#1aa260
Green (NCS),#009F6B,,,,,,,Green (Munsell),,FALSE,,,,Google Chrome red,#de5246
Green (Pantone),#00AD43,,,,,,,Green (NCS),,FALSE,,,,Google Chrome yellow,#ffce44
Green (pigment),#00A550,,,,,,,Green (Pantone),,FALSE,,,,,
Green (RYB),#66B032,,,,,,,Green (pigment),,FALSE,,,,Goryeo storeroom (Korainando),#203838
Green (web),#008000,,,,,,,Green (RYB),,FALSE,,,,Grape mouse (Budonezumi),#63424b
Green Lizard,#A7F432,,,,,,,Green Lizard,,TRUE,,,,,
Green Screen,#00b140,,,,,,,Green Sheen,,FALSE,,,,Green bamboo (Aotake-iro),#006442
Green Sheen,#6EAEA1,,,,,,,,,FALSE,,,,Green Cola,#4c721d
Green-blue,#1164B4,,,,,,,Green-blue,,TRUE,,,,,
Green-blue (Crayola),#2887C8,,,,,,,Green-blue (Crayola),,TRUE,,,,Green slime,#65ff00
Green-cyan,#009966,,,,,,,Green-cyan,,TRUE,,,,Green tea-colored (Sencha-iro),#824b35
Green-yellow,#ADFF2F,,,,,,,Green-yellow,,TRUE,,,,Greenfinch (Hiwa-iro),#bda928
Green-yellow (Crayola),#F0E891,,,,,,,Green-yellow (Crayola),,TRUE,,,,,
Grizzly,#88540B,,,,,,,,,FALSE,,,,Greyed red (Ginshu),#bc2d29
Grizzly,#885818,,,,,,,,,FALSE,,,,Greyish dark green (Rikyunezumi),#656255
Grullo,#A99A86,,,,,,,Grullo,,TRUE,,,,,
Gunmetal,#2a3439,,,,,,,Gunmetal,,TRUE,,,,,
Guppie green,#00ff7f,,,,,,,Guppie green,,TRUE,,,,Guyabano,#f8f8f8
Halaya ube,#663854,,,,,,,,,FALSE,,,,Half color (Hashita-iro),#8d608c
Han blue,#446CCF,,,,,,,Han blue,,TRUE,,,,,
Han purple,#5218FA,,,,,,,Han purple,,TRUE,,,,Halloween orange,#eb6123
Hansa yellow,#E9D66B,,,,,,,,,FALSE,,,,Harbor rat (Minatonezumi),#757d75
Harlequin,#3FFF00,,,,,,,Harlequin,,TRUE,,,,,
Harlequin green,#46cb18,,,,,,,Harlequin green,,TRUE,,,,Harmonious rose,#f29cb7
Harvard crimson,#c90016,,,,,,,,,FALSE,,,,Hawaii blue,#00c3e3
Harvest gold,#DA9100,,,,,,,Harvest gold,,TRUE,,,,,
Heart Gold,#808000,,,,,,,Heart gold,,TRUE,,,,,
Heat Wave,#FF7A00,,,,,,,Heat Wave,,TRUE,,,,,
Heidelberg Red,#960018,,,,,,,,,FALSE,,,,,
Heliotrope,#DF73FF,,,,,,,Heliotrope,,TRUE,,,,,
Heliotrope gray,#AA98A9,,,,,,,Heliotrope gray,,TRUE,,,,,
Heliotrope magenta,#aa00bb,,,,,,,Heliotrope magenta,,TRUE,,,,,
Hollywood cerise,#F400A1,,,,,,,,,FALSE,,,,,
Honeydew,#F0FFF0,,,,,,,Honeydew,,TRUE,,,,,
Honolulu blue,#006DB0,,,,,,,Honolulu blue,,TRUE,,,,Horsetail (Tokusa-iro),#3d5d42
Hooker's green,#49796B,,,,,,,Hooker's green,,TRUE,,,,,
Hot magenta,#FF1DCE,,,,,,,Hot magenta,,TRUE,,,,,
Hot pink,#FF69B4,,,,,,,Hot pink,,TRUE,,,,,
Hunter green,#355E3B,,,,,,,,,FALSE,,,,Huawei Red,#cf0a2c
Iceberg,#71A6D2,,,,,,,Iceberg,,TRUE,,,,,
Icterine,#FCF75E,,,,,,,Icterine,,TRUE,,,,Ibis wing (Tokiha-iro),#f58f84
Iguana Green,#71bc78,,,,,,,Iguana green,,TRUE,,,,,
Illuminating Emerald,#319177,,,,,,,Illuminating emerald,,TRUE,,,,Iced tea,#923c01
Imperial,#602f6b,,,,,,,Imperial,,TRUE,,,,,
Imperial blue,#002395,,,,,,,Imperial blue,,TRUE,,,,,
Imperial purple,#66023c,,,,,,,Imperial purple,,TRUE,,,,,
Imperial red,#ED2939,,,,,,,Imperial red,,TRUE,,,,,
Inchworm,#B2EC5D,,,,,,,Inchworm,,TRUE,,,,,
Independence,#4C516D,,,,,,,Independence,,TRUE,,,,,
India green,#138808,,,,,,,India green,,TRUE,,,,Indigo (rainbow),#233067
Indian red,#CD5C5C,,,,,,,Indian red,,TRUE,,,,,
Indian yellow,#E3A857,,,,,,,Indian yellow,,TRUE,,,,,
Indigo,#4B0082,,,,,,,Indigo,,TRUE,,,,Indigo Codium fragile seaweed brown (Aimirucha),#2e372e
Indigo dye,#00416A,,,,,,,Indigo dye,,TRUE,,,,,
Infra Red,#ff496c,,,,,,,Indigo ink brown (Aisumicha),,FALSE,xxxxxxxx,,,,
Interdimensional Blue,#360ccc,,,,,,,Indigo white (Aijiro),,FALSE,,,,,
International Klein Blue,#002FA7,,,,,,,Infra red,,FALSE,,,,,
International orange (aerospace),#FF4F00,,,,,,,Ink color (Sumi-iro),,FALSE,,,,,
International orange (engineering),#BA160C,,,,,,,Insect screen (Mushiao),,FALSE,,,,,
International orange (Golden Gate Bridge),#C0362C,,,,,,,Inside of a bottle (Kamenozoki),,FALSE,,,,,
Iris,#5A4FCF,,,,,,,Interdimensional blue,,FALSE,,,,,
Irresistible,#B3446C,,,,,,,International orange (aerospace),,FALSE,,,,,
Isabelline,#F4F0EC,,,,,,,International orange (engineering),,FALSE,,,,,
Islamic green,#009000,,,,,,,International orange (Golden Gate Bridge),,FALSE,,,,,
Italian sky blue,#B2FFFF,,,,,,,Iris,,FALSE,,,,,
Ivory,#FFFFF0,,,,,,,Iris color (Ayame-iro),,FALSE,,,,,
Jade,#00A86B,,,,,,,Iron,,FALSE,,,,,
Japanese carmine,#9d2933,,,,,,,Iron color (Tetsu-iro),,FALSE,,,,,
Japanese indigo,#264348,,,,,,,Iron head flower color (Noshimehana-iro),,FALSE,,,,,
Japanese violet,#5b3256,,,,,,,Iron storage (Tetsuonando),,FALSE,,,,,
Jasmine,#F8DE7E,,,,,,,Irresistible,,FALSE,,,,,
Jasper,#d73b3e,,,,,,,Isabelline,,FALSE,,,,,
Jazzberry jam,#A50B5E,,,,,,,Islamic green,,FALSE,,,,,
Jelly Bean,#da614e,,,,,,,Italian ice,,FALSE,,,,,
Jet,#343434,,,,,,,Italian leather,,FALSE,,,,,
Jonquil,#F4CA16,,,,,,,Italian roast,,FALSE,,,,,
Jordy blue,#8ab9f1,,,,,,,Ivory,,FALSE,,,,,
June bud,#BDDA57,,,,,,,Iwai brown (Iwaicha),,FALSE,,,,,
Jungle green,#29AB87,,,,,,,Jacarta,,FALSE,,,,,
Kelly green,#4CBB17,,,,,,,Jacko bean,,FALSE,,,,,
Kenyan copper,#7c1c05,,,,,,,Jade,,FALSE,,,,,
Keppel,#3AB09E,,,,,,,Japanese carmine,,FALSE,,,,,
Key Lime,#E8F48C,,,,,,,Japanese indigo,,FALSE,,,,,
Khaki (web),#C3B091,,,,,,,Japanese iris and sooty bamboo (Higosusutake),,FALSE,,,,,
Kiwi,#8ee53f,,,,,,,Japanese laurel,,FALSE,,,,,
Kobe,#882D17,,,,,,,Japanese triandra grass (Themeda japonica) (Kariyasu),,FALSE,,,,,
Kobi,#E79FC4,,,,,,,Japanese violet,,FALSE,,,,,
Kobicha,#6B4423,,,,,,,Jasmine,,FALSE,,,,,
Kombu green,#354230,,,,,,,Jasper,,FALSE,,,,,
KSU purple,#512888,,,,,,,Jasper orange,,FALSE,,,,,
KU Crimson,#e8000d,,,,,,,Jazzberry jam,,FALSE,,,,,
La Salle Green,#087830,,,,,,,Jelly bean,,FALSE,,,,,
Languid lavender,#D6CADD,,,,,,,Jelly bean blue,,FALSE,,,,,
Lapis lazuli,#26619C,,,,,,,Jet,,FALSE,,,,,
Laser lemon,#FFFF66,,,,,,,Jet stream,,FALSE,,,,,
Laurel green,#A9BA9D,,,,,,,Jonquil,,FALSE,,,,,
Lava,#CF1020,,,,,,,Jordy blue,,FALSE,,,,,
Lavender,#E6E6FA,,,,,,,June bud,,FALSE,,,,,
Lavender (floral),#B57EDC,,,,,,,Jungle green,,FALSE,,,,,
Lavender blue,#CCCCFF,,,,,,,Kelly green,,FALSE,,,,,
Lavender blush,#FFF0F5,,,,,,,Kenyan copper,,FALSE,,,,,
Lavender gray,#C4C3D0,,,,,,,Keppel,,FALSE,,,,,
Lavender indigo,#9457eb,,,,,,,Key lime,,FALSE,,,,,
Lavender magenta,#ee82ee,,,,,,,Kimono storage (Omeshionando),,FALSE,,,,,
Lavender mist,#e6e6fa,,,,,,,Kiwi,,FALSE,,,,,
Lavender pink,#fbaed2,,,,,,,Kobe,,FALSE,,,,,
Lavender purple,#967bb6,,,,,,,Kobi,,FALSE,,,,,
Lavender rose,#fba0e3,,,,,,,Kombu green,,FALSE,,,,,
Lawn green,#7CFC00,,,,,,,KSU purple,,FALSE,,,,,
Lemon,#FFF700,,,,,,,KU crimson,,FALSE,,,,,
Lemon chiffon,#FFFACD,,,,,,,Kumquat,,FALSE,,,,,
Lemon curry,#CCA01D,,,,,,,Languid lavender,,FALSE,,,,,
Lemon glacier,#FDFF00,,,,,,,Lanzones,,FALSE,,,,,
Lemon lime,#e3ff00,,,,,,,Lapis lazuli,,FALSE,,,,,
Lemon meringue,#F6EABE,,,,,,,Lapis lazuli color (Ruri-iro),,FALSE,,,,,
Lemon yellow,#FFF44F,,,,,,,Laser lemon,,FALSE,,,,,
Liberty,#545AA7,,,,,,,Laurel green,,FALSE,,,,,
Licorice,#1a1110,,,,,,,Lava,,FALSE,,,,,
Light apricot,#fdd5b1,,,,,,,Lavender (floral),,FALSE,,,,,
Light blue,#ADD8E6,,,,,,,Lavender blue,,FALSE,,,,,
Light brown,#b5651d,,,,,,,Lavender blush,,FALSE,,,,,
Light carmine pink,#e66771,,,,,,,Lavender gray,,FALSE,,,,,
Light cobalt blue,#88ace0,,,,,,,Lavender indigo,,FALSE,,,,,
Light coral,#F08080,,,,,,,Lavender magenta,,FALSE,,,,,
Light cornflower blue,#93CCEA,,,,,,,Lavender mist,,FALSE,,,,,
Light crimson,#f56991,,,,,,,Lavender pink,,FALSE,,,,,
Light cyan,#E0FFFF,,,,,,,Lavender purple,,FALSE,,,,,
Light deep pink,#ff5ccd,,,,,,,Lavender rose,,FALSE,,,,,
Light French beige,#C8AD7F,,,,,,,Lawn green,,FALSE,,,,,
Light fuchsia pink,#f984ef,,,,,,,Legal dye (from when color use was regulated by class) (Kenpozome),,FALSE,,,,,
Light goldenrod yellow,#FAFAD2,,,,,,,Lemon,,FALSE,,,,,
Light gray,#D3D3D3,,,,,,,Lemon chiffon,,FALSE,,,,,
Light grayish magenta,#cc99cc,,,,,,,Lemon curry,,FALSE,,,,,
Light green,#90EE90,,,,,,,Lemon glacier,,FALSE,,,,,
Light hot pink,#ffb3de,,,,,,,Lemon iced tea,,FALSE,,,,,
Light khaki,#F0E68C,,,,,,,Lemon lime,,FALSE,,,,,
Light medium orchid,#d39bcb,,,,,,,Lemon lime,,FALSE,,,,,
Light moss green,#addfad,,,,,,,Lemon meringue,,FALSE,,,,,
Light orange,#FED8B1,,,,,,,Lemon yellow,,FALSE,,,,,
Light orchid,#e6a8d7,,,,,,,Lemon yellow (Crayola),,FALSE,,,,,
Light pastel purple,#b19cd9,,,,,,,Lenurple,,FALSE,,,,,
Light periwinkle,#C5CBE1,,,,,,,Liberty,,FALSE,,,,,
Light pink,#FFB6C1,,,,,,,Licorice,,FALSE,,,,,
Light purple,#b19cd9,,,,,,,Light blue,,FALSE,,,,,
Light Red,#ffcccb,,,,,,,Light blue color (Asagi-iro),,FALSE,,,,,
Light red ochre,#e97451,,,,,,,Light blue flower (Hanaasagi),,FALSE,,,,,
Light salmon,#FFA07A,,,,,,,Light blue silk (Hanada),,FALSE,,,,,
Light salmon pink,#ff9999,,,,,,,Light brown,,FALSE,,,,,
Light sea green,#20B2AA,,,,,,,Light carmine pink,,FALSE,,,,,
Light sky blue,#87CEFA,,,,,,,Light chocolate cosmos,,FALSE,,,,,
Light slate gray,#778899,,,,,,,Light cobalt blue,,FALSE,,,,,
Light steel blue,#B0C4DE,,,,,,,Light coral,,FALSE,,,,,
Light taupe,#b38b6d,,,,,,,Light crimson,,FALSE,,,,,
Light Thulian pink,#e68fac,,,,,,,Light cyan,,FALSE,,,,,
Light yellow,#FFFFE0,,,,,,,Light deep pink,,FALSE,,,,,
Lilac,#C8A2C8,,,,,,,Light French beige,,FALSE,,,,,
Lilac Luster,#AE98AA,,,,,,,Light fuchsia pink,,FALSE,,,,,
Lime (color wheel),#BFFF00,,,,,,,Light gold,,FALSE,,,,,
Lime (web) (X11 green),#00FF00,,,,,,,Light goldenrod yellow,,FALSE,,,,,
Lime green,#32CD32,,,,,,,Light gray,,FALSE,,,,,
Limerick,#9dc209,,,,,,,Light grayish magenta,,FALSE,,,,,
Lincoln green,#195905,,,,,,,Light green,,FALSE,,,,,
Linen,#FAF0E6,,,,,,,Light hot pink,,FALSE,,,,,
Lion,#C19A6B,,,,,,,Light khaki,,FALSE,,,,,
Liseran Purple,#DE6FA1,,,,,,,Light magenta,,FALSE,,,,,
Little boy blue,#6CA0DC,,,,,,,Light medium orchid,,FALSE,,,,,
Liver,#674C47,,,,,,,Light moss green,,FALSE,,,,,
Liver (dogs),#B86D29,,,,,,,Light orange,,FALSE,,,,,
Liver (organ),#6C2E1F,,,,,,,Light orchid,,FALSE,,,,,
Liver chestnut,#987456,,,,,,,Light pastel purple,,FALSE,,,,,
Livid,#6699CC,,,,,,,Light periwinkle,,FALSE,,,,,
Lumber,#ffe4cd,,,,,,,Light pink,,FALSE,,,,,
Lust,#e62020,,,,,,,Light red,,FALSE,,,,,
Maastricht Blue,#001c3d,,,,,,,Light salmon,,FALSE,,,,,
Macaroni and Cheese,#FFBD88,,,,,,,Light salmon pink,,FALSE,,,,,
Madder Lake,#CC3336,,,,,,,Light sea green,,FALSE,,,,,
Magenta,#FF00FF,,,,,,,Light silver,,FALSE,,,,,
Magenta (Crayola),#F653A6,,,,,,,Light sky blue,,FALSE,,,,,
Magenta (dye),#CA1F7B,,,,,,,Light slate gray,,FALSE,,,,,
Magenta (Pantone),#D0417E,,,,,,,Light steel blue,,FALSE,,,,,
Magenta (process),#FF0090,,,,,,,Light taupe,,FALSE,,,,,
Magenta haze,#9F4576,,,,,,,Light yellow,,FALSE,,,,,
Magenta-pink,#cc338b,,,,,,,Light yellow (Asagi),,FALSE,,,,,
Magic mint,#AAF0D1,,,,,,,Lilac,,FALSE,,,,,
Magic Potion,#ff4466,,,,,,,Lilac Luster,,FALSE,,,,,
Magnolia,#F8F4FF,,,,,,,Lime green,,FALSE,,,,,
Mahogany,#C04000,,,,,,,Lime pulp,,FALSE,,,,,
Maize,#FBEC5D,,,,,,,Limerick,,FALSE,,,,,
Maize (Crayola),#F2C649,,,,,,,Lincoln green,,FALSE,,,,,
Majorelle Blue,#6050DC,,,,,,,Linen,,FALSE,,,,,
Malachite,#0BDA51,,,,,,,Linkedin Blue,,FALSE,,,,,
Manatee,#979AAA,,,,,,,Little boy blue,,FALSE,,,,,
Mandarin,#F37A48,,,,,,,Little girl pink,,FALSE,,,,,
Mango,#FDBE02,,,,,,,Liver,,FALSE,,,,,
Mango Tango,#FF8243,,,,,,,Liver (dogs),,FALSE,,,,,
Mantis,#74C365,,,,,,,Liver (organ),,FALSE,,,,,
Mardi Gras,#880085,,,,,,,Liver chestnut,,FALSE,,,,,
Marigold,#EAA221,,,,,,,Long spring (season) color (Choshun-iro),,FALSE,,,,,
Maroon,#800000,,,,,,,Loquat (tree) brown (Biwacha),,FALSE,,,,,
Maroon (Crayola),#C32148,,,,,,,Lotion,,FALSE,,,,,
Maroon (X11),#B03060,,,,,,,Lotion blue,,FALSE,,,,,
Mauve,#E0B0FF,,,,,,,Lotion pink,,FALSE,,,,,
Mauve taupe,#915F6D,,,,,,,Lumber,,FALSE,,,,,
Mauvelous,#EF98AA,,,,,,,Lust,,FALSE,,,,,
Maximum Blue,#47ABCC,,,,,,,Lychee,,FALSE,,,,,
Maximum Blue Green,#30BFBF,,,,,,,Lye-colored (Aku-iro),,FALSE,,,,,
Maximum Blue Purple,#ACACE6,,,,,,,Macaroni and Cheese,,FALSE,,,,,
Maximum Green,#5E8C31,,,,,,,Madder Lake,,FALSE,,,,,
Maximum Green Yellow,#D9E650,,,,,,,Magenta (dye),,FALSE,,,,,
Maximum Purple,#733380,,,,,,,Magenta (Pantone),,FALSE,,,,,
Maximum Red,#D92121,,,,,,,Magenta (process),,FALSE,,,,,
Maximum Red Purple,#A63A79,,,,,,,Magenta haze,,FALSE,,,,,
Maximum Yellow,#FAFA37,,,,,,,Magenta-pink,,FALSE,,,,,
Maximum Yellow Red,#F2BA49,,,,,,,Magic mint,,FALSE,,,,,
May green,#4C9141,,,,,,,Magic Potion,,FALSE,,,,,
Maya blue,#73C2FB,,,,,,,Magnolia,,FALSE,,,,,
Meat brown,#e5b73b,,,,,,,Mahogany,,FALSE,,,,,
Medium aquamarine,#66DDAA,,,,,,,Maize (Crayola),,FALSE,,,,,
Medium blue,#0000CD,,,,,,,Majorelle blue,,FALSE,,,,,
Medium candy apple red,#E2062C,,,,,,,Malachite,,FALSE,,,,,
Medium carmine,#AF4035,,,,,,,Manatee,,FALSE,,,,,
Medium champagne,#F3E5AB,,,,,,,Mandarin,,FALSE,,,,,
Medium electric blue,#035096,,,,,,,Mango,,FALSE,,,,,
Medium jungle green,#1c352d,,,,,,,Mango green,,FALSE,,,,,
Medium lavender magenta,#dda0dd,,,,,,,Mango Tango,,FALSE,,,,,
Medium orchid,#BA55D3,,,,,,,Manila,,FALSE,,,,,
Medium Persian blue,#0067a5,,,,,,,Mantis,,FALSE,,,,,
Medium purple,#9370DB,,,,,,,Maple syrup,,FALSE,,,,,
Medium red-violet,#bb3385,,,,,,,Mardi Gras,,FALSE,,,,,
Medium ruby,#aa4069,,,,,,,Margarine,,FALSE,,,,,
Medium sapphire,#2D5DA1,,,,,,,Margarita,,FALSE,,,,,
Medium sea green,#3CB371,,,,,,,Marigold,,FALSE,,,,,
Medium sky blue,#80daeb,,,,,,,Maroon (Shrimp brown) (Ebicha),,FALSE,,,,,
Medium slate blue,#7B68EE,,,,,,,Maroon (X11),,FALSE,,,,,
Medium spring bud,#c9dc87,,,,,,,Mauve,,FALSE,,,,,
Medium spring green,#00FA9A,,,,,,,Mauve taupe,,FALSE,,,,,
Medium taupe,#674c47,,,,,,,Mauvelous,,FALSE,,,,,
Medium turquoise,#48D1CC,,,,,,,Maximum blue,,FALSE,,,,,
Medium Tuscan red,#79443b,,,,,,,Maximum blue green,,FALSE,,,,,
Medium vermilion,#d9603b,,,,,,,Maximum blue purple,,FALSE,,,,,
Medium violet-red,#C71585,,,,,,,Maximum green,,FALSE,,,,,
Mellow apricot,#F8B878,,,,,,,Maximum green yellow,,FALSE,,,,,
Mellow yellow,#F8DE7E,,,,,,,Maximum orange,,FALSE,,,,,
Melon,#FEBAAD,,,,,,,Maximum purple,,FALSE,,,,,
Metallic gold,#D3AF37,,,,,,,Maximum red,,FALSE,,,,,
Metallic Seaweed,#0A7E8C,,,,,,,Maximum red purple,,FALSE,,,,,
Metallic Sunburst,#9C7C38,,,,,,,Maximum yellow,,FALSE,,,,,
Mexican pink,#E4007C,,,,,,,Maximum yellow red,,FALSE,,,,,
Middle Blue,#7ED4E6,,,,,,,May green,,FALSE,,,,,
Middle Blue Green,#8DD9CC,,,,,,,Maya blue,,FALSE,,,,,
Middle Blue Purple,#8B72BE,,,,,,,Meat brown,,FALSE,,,,,
Middle Green,#4D8C57,,,,,,,Meat-color (Shishi-iro),,FALSE,,,,,
Middle Green Yellow,#ACBF60,,,,,,,Medium aquamarine,,FALSE,,,,,
Middle Grey,#8B8680,,,,,,,Medium blue,,FALSE,,,,,
Middle Purple,#D982B5,,,,,,,Medium candy apple red,,FALSE,,,,,
Middle Red,#E58E73,,,,,,,Medium carmine,,FALSE,,,,,
Middle Red Purple,#A55353,,,,,,,Medium champagne,,FALSE,,,,,
Middle Yellow,#FFEB00,,,,,,,Medium crimson (dye) (Nakabeni),,FALSE,,,,,
Middle Yellow Red,#ECB176,,,,,,,Medium electric blue,,FALSE,,,,,
Midnight,#702670,,,,,,,Medium jungle green,,FALSE,,,,,
Midnight blue,#191970,,,,,,,Medium lavender magenta,,FALSE,,,,,
Midnight green (eagle green),#004953,,,,,,,Medium orchid,,FALSE,,,,,
Mikado yellow,#FFC40C,,,,,,,Medium Persian blue,,FALSE,,,,,
Military green,#4b5320,,,,,,,Medium purple,,FALSE,,,,,
Mimi Pink,#FFDAE9,,,,,,,Medium red-violet,,FALSE,,,,,
Mindaro,#E3F988,,,,,,,Medium ruby,,FALSE,,,,,
Ming,#36747D,,,,,,,Medium sea green,,FALSE,,,,,
Minion Yellow,#F5E050,,,,,,,Medium sky blue,,FALSE,,,,,
Mint,#3EB489,,,,,,,Medium slate blue,,FALSE,,,,,
Mint cream,#F5FFFA,,,,,,,Medium spring bud,,FALSE,,,,,
Mint green,#98FF98,,,,,,,Medium spring green,,FALSE,,,,,
Misty Moss,#BBB477,,,,,,,Medium turquoise,,FALSE,,,,,
Misty rose,#FFE4E1,,,,,,,Medium vermilion,,FALSE,,,,,
Moccasin,#faebd7,,,,,,,Medium violet-red,,FALSE,,,,,
Mode beige,#967117,,,,,,,Melancholy,,FALSE,,,,,
Moonstone blue,#73a9c2,,,,,,,Mellow apricot,,FALSE,,,,,
Mordant red 19,#ae0c00,,,,,,,Melon,,FALSE,,,,,
Morning blue,#8DA399,,,,,,,Menthol,,FALSE,,,,,
Moss green,#8A9A5B,,,,,,,Metallic blue,,FALSE,,,,,
Mountain Meadow,#30BA8F,,,,,,,Metallic bronze,,FALSE,,,,,
Mountbatten pink,#997A8D,,,,,,,Metallic brown,,FALSE,,,,,
MSU green,#18453B,,,,,,,Metallic green,,FALSE,,,,,
Mughal green,#306030,,,,,,,Metallic orange,,FALSE,,,,,
Mulberry,#C54B8C,,,,,,,Metallic pink,,FALSE,,,,,
Mulberry (Crayola),#C8509B,,,,,,,Metallic red,,FALSE,,,,,
Mummy's Tomb,#828e84,,,,,,,Metallic Seaweed,,FALSE,,,,,
Mustard,#FFDB58,,,,,,,Metallic Sunburst,,FALSE,,,,,
Myrtle green,#317873,,,,,,,Metallic violet,,FALSE,,,,,
Mystic,#D65282,,,,,,,Metallic yellow,,FALSE,,,,,
Mystic Maroon,#AD4379,,,,,,,Mexican pink,,FALSE,,,,,
Nadeshiko pink,#F6ADC6,,,,,,,Microsoft blue,,FALSE,,,,,
Napier green,#2a8000,,,,,,,Microsoft Edge blue,,FALSE,,,,,
Naples yellow,#FADA5E,,,,,,,Microsoft green,,FALSE,,,,,
Navajo white,#FFDEAD,,,,,,,Microsoft red,,FALSE,,,,,
Navy blue,#000080,,,,,,,Microsoft yellow,,FALSE,,,,,
Navy blue (Crayola),#1974D2,,,,,,,Middle blue,,FALSE,,,,,
Navy purple,#9457eb,,,,,,,Middle blue green,,FALSE,,,,,
Neon Blue,#4666FF,,,,,,,Middle blue purple,,FALSE,,,,,
Neon Carrot,#ffa343,,,,,,,Middle green,,FALSE,,,,,
Neon fuchsia,#fe4164,,,,,,,Middle green yellow,,FALSE,,,,,
Neon green,#39FF14,,,,,,,Middle grey,,FALSE,,,,,
Neon Pink,#f535aa,,,,,,,Middle purple,,FALSE,,,,,
New Car,#214fc6,,,,,,,Middle red,,FALSE,,,,,
New Texas Green,#059033,,,,,,,Middle red purple,,FALSE,,,,,
New York pink,#D7837F,,,,,,,Middle yellow,,FALSE,,,,,
Nickel,#727472,,,,,,,Middle yellow red,,FALSE,,,,,
Non-photo blue,#A4DDED,,,,,,,Midnight,,FALSE,,,,,
Nyanza,#E9FFDB,,,,,,,Midnight blue,,FALSE,,,,,
Ocean Blue,#4F42B5,,,,,,,Midnight blue,,FALSE,,,,,
Ocean Boat Blue,#0077be,,,,,,,Midnight green (eagle green),,FALSE,,,,,
Ocean Green,#48BF91,,,,,,,Mikado yellow,,FALSE,,,,,
Ochre,#CC7722,,,,,,,Milk,,FALSE,,,,,
Off white,#f8f8ff,,,,,,,Milk chocolate,,FALSE,,,,,
Office green,#008000,,,,,,,Mimi pink,,FALSE,,,,,
Ogre Odor,#fd5240,,,,,,,Mindaro,,FALSE,,,,,
Old burgundy,#43302E,,,,,,,Ming,,FALSE,,,,,
Old gold,#CFB53B,,,,,,,Minion yellow,,FALSE,,,,,
Old heliotrope,#563c5c,,,,,,,Mint,,FALSE,,,,,
Old lace,#FDF5E6,,,,,,,Mint cream,,FALSE,,,,,
Old lavender,#796878,,,,,,,Mint green,,FALSE,,,,,
Old mauve,#673147,,,,,,,Misty moss,,FALSE,,,,,
Old moss green,#867e36,,,,,,,Misty rose,,FALSE,,,,,
Old rose,#C08081,,,,,,,Mocha,,FALSE,,,,,
Old silver,#848482,,,,,,,Moonstone,,FALSE,,,,,
Olive,#808000,,,,,,,Moonstone blue,,FALSE,,,,,
Olive Drab #3,#6B8E23,,,,,,,Mordant red 19,,FALSE,,,,,
Olive Drab #7,#3C341F,,,,,,,Morning blue,,FALSE,,,,,
Olive green,#B5B35C,,,,,,,Moss color (Koke-iro),,FALSE,,,,,
Olivine,#9AB973,,,,,,,Moss green,,FALSE,,,,,
Onyx,#353839,,,,,,,Mountain Meadow,,FALSE,,,,,
Opal,#A8C3BC,,,,,,,Mountbatten pink,,FALSE,,,,,
Opera mauve,#B784A7,,,,,,,Mousy indigo (Ainezumi),,FALSE,,,,,
Orange,#FF7F00,,,,,,,Mousy wisteria (Fujinezumi),,FALSE,,,,,
Orange (Crayola),#FF7538,,,,,,,MSU green,,FALSE,,,,,
Orange (Pantone),#FF5800,,,,,,,Mud,,FALSE,,,,,
Orange (RYB),#fb9902,,,,,,,Muddy brown (lit. the brown of a distant river) (Enshucha),,FALSE,,,,,
Orange (web),#FFA500,,,,,,,Mughal green,,FALSE,,,,,
Orange peel,#FF9F00,,,,,,,Mulberry,,FALSE,,,,,
Orange Soda,#FA5B3D,,,,,,,Mulberry (Crayola),,FALSE,,,,,
Orange-red,#FF681F,,,,,,,Mulberry dye (Kuwazome),,FALSE,,,,,
Orange-red (Crayola),#FF5349,,,,,,,Mulberry-dyed (Kuwazome),,FALSE,,,,,
Orange-yellow,#F5BD1F,,,,,,,Mustard,,FALSE,,,,,
Orange-yellow (Crayola),#F8D568,,,,,,,Mustard brown,,FALSE,,,,,
Orchid,#DA70D6,,,,,,,Mustard green,,FALSE,,,,,
Orchid (Crayola),#E29CD2,,,,,,,Mustard yellow,,FALSE,,,,,
Orchid pink,#F2BDCD,,,,,,,Myrtle green,,FALSE,,,,,
Orioles orange,#fb4f14,,,,,,,Mystic,,FALSE,,,,,
Otter brown,#654321,,,,,,,Mystic maroon,,FALSE,,,,,
Outer Space,#414a4c,,,,,,,Mystic red,,FALSE,,,,,
Outer Space (Crayola),#2D383A,,,,,,,Nadeshiko pink,,FALSE,,,,,
Outrageous Orange,#FF6E4A,,,,,,,Named Color Codes / Reference Chart,,FALSE,,,,,
Oxblood,#800020,,,,,,,Napier green,,FALSE,,,,,
Oxford Blue,#002147,,,,,,,Naples yellow,,FALSE,,,,,
Pacific Blue,#1CA9C9,,,,,,,Navajo white,,FALSE,,,,,
Pakistan green,#006600,,,,,,,Navy blue,,FALSE,,,,,
Palatinate blue,#273be2,,,,,,,Navy blue bellflower (Konkikyo),,FALSE,,,,,
Palatinate purple,#682860,,,,,,,Neon blue,,FALSE,,,,,
Pale aqua,#BCD4E6,,,,,,,Neon Carrot,,FALSE,,,,,
Pale brown,#987654,,,,,,,Neon Fuchsia,,FALSE,,,,,
Pale carmine,#af4035,,,,,,,Neon green,,FALSE,,,,,
Pale cerulean,#9BC4E2,,,,,,,New Bridge color (Shinbashi-iro),,FALSE,,,,,
Pale chestnut,#ddadaf,,,,,,,New Car,,FALSE,,,,,
Pale copper,#da8a67,,,,,,,New York pink,,FALSE,,,,,
Pale cornflower blue,#abcdef,,,,,,,Nickel,,FALSE,,,,,
Pale cyan,#87d3f8,,,,,,,Nightingale-brown (greenish brown) (Uguisucha),,FALSE,,,,,
Pale gold,#e6be8a,,,,,,,Nintendo red,,FALSE,,,,,
Pale goldenrod,#eee8aa,,,,,,,Non-photo blue,,FALSE,,,,,
Pale green,#98fb98,,,,,,,North Texas Green,,FALSE,,,,,
Pale lavender,#dcd0ff,,,,,,,Nyanza,,FALSE,,,,,
Pale magenta,#f984e5,,,,,,,Ocean Blue,,FALSE,,,,,
Pale magenta-pink,#ff99cc,,,,,,,Ocean boat blue,,FALSE,,,,,
Pale pink,#FADADD,,,,,,,Ocean green,,FALSE,,,,,
Pale plum,#dda0dd,,,,,,,Ochre,,FALSE,,,,,
Pale purple (Pantone),#FAE6FA,,,,,,,Ochre (earthen yellow-red-brown) (Otan),,FALSE,,,,,
Pale robin egg blue,#96ded1,,,,,,,Ochre (lit. earthen yellow) (Odo-iro),,FALSE,,,,,
Pale silver,#C9C0BB,,,,,,,Ogre Odor,,FALSE,,,,,
Pale spring bud,#ECEBBD,,,,,,,Old bamboo color (Oitake-iro),,FALSE,,,,,
Pale taupe,#bc987e,,,,,,,Old burgundy,,FALSE,,,,,
Pale turquoise,#afeeee,,,,,,,Old gold,,FALSE,,,,,
Pale violet,#cc99ff,,,,,,,Old lace,,FALSE,,,,,
Pale violet-red,#db7093,,,,,,,Old lavender,,FALSE,,,,,
Pale young green onion (Usumoegi),#8db255,,,,,,,Old mauve,,FALSE,,,,,
Palm Leaf,#6f9940,,,,,,,Old moss green,,FALSE,,,,,
Pansy purple,#78184A,,,,,,,Old rose,,FALSE,,,,,
Paolo Veronese green,#009B7D,,,,,,,Olive Drab #3,,FALSE,,,,,
Papaya whip,#FFEFD5,,,,,,,Olive Drab #7,,FALSE,,,,,
Paradise pink,#E63E62,,,,,,,Olive green,,FALSE,,,,,
Paris Green,#50C878,,,,,,,Olivine,,FALSE,,,,,
Parrot Pink,#d998a0,,,,,,,Onando color (Onando-iro),,FALSE,,,,,
Pastel blue,#aec6cf,,,,,,,One kin (0.6 kg) dye (Ikkonzome),,FALSE,,,,,
Pastel brown,#836953,,,,,,,Onyx,,FALSE,,,,,
Pastel green,#77dd77,,,,,,,Opal,,FALSE,,,,,
Pastel grey,#cfcfc4,,,,,,,Opera mauve,,FALSE,,,,,
Pastel magenta,#f49ac2,,,,,,,Opera Red,,FALSE,,,,,
Pastel orange,#ffb347,,,,,,,Opposite flower color (Masuhana-iro),,FALSE,,,,,
Pastel pink,#DEA5A4,,,,,,,Orange,,FALSE,,,,,
Pastel purple,#b39eb5,,,,,,,Orange (color wheel),,FALSE,,,,,
Pastel red,#ff6961,,,,,,,Orange (Crayola),,FALSE,,,,,
Pastel violet,#cb99c9,,,,,,,Orange (Pantone),,FALSE,,,,,
Pastel yellow,#fdfd96,,,,,,,Orange (RYB),,FALSE,,,,,
Patriarch,#800080,,,,,,,Orange peel,,FALSE,,,,,
Payne's grey,#536878,,,,,,,Orange soda,,FALSE,,,,,
Peach,#FFE5B4,,,,,,,Orange soda,,FALSE,,,,,
Peach (Crayola),#FFCBA4,,,,,,,Orange-red,,FALSE,,,,,
Peach puff,#FFDAB9,,,,,,,Orange-red (Crayola),,FALSE,,,,,
Peach-orange,#ffcc99,,,,,,,Orange-yellow,,FALSE,,,,,
Peach-yellow,#fadfad,,,,,,,Orange-yellow (Crayola),,FALSE,,,,,
Pear,#D1E231,,,,,,,Orchid,,FALSE,,,,,
Pearl Aqua,#88d8c0,,,,,,,Orchid (Crayola),,FALSE,,,,,
Pearl white,#eae0c8,,,,,,,Orchid pink,,FALSE,,,,,
Pearly purple,#B768A2,,,,,,,Orioles orange,,FALSE,,,,,
Peridot,#e6e200,,,,,,,OU Crimson red,,FALSE,,,,,
Periwinkle,#CCCCFF,,,,,,,Outer space,,FALSE,,,,,
Periwinkle (Crayola),#C3CDE6,,,,,,,Outer space (Crayola),,FALSE,,,,,
Permanent Geranium Lake,#E12C2C,,,,,,,Outrageous Orange,,FALSE,,,,,
Persian blue,#1C39BB,,,,,,,Overdyed/refreshed red-brown (Sohi),,FALSE,,,,,
Persian green,#00A693,,,,,,,Oxford blue,,FALSE,,,,,
Persian indigo,#32127A,,,,,,,Oxley,,FALSE,,,,,
Persian orange,#D99058,,,,,,,Pacific blue,,FALSE,,,,,
Persian pink,#F77FBE,,,,,,,Painite,,FALSE,,,,,
Persian plum,#701C1C,,,,,,,Pakistan green,,FALSE,,,,,
Persian red,#CC3333,,,,,,,Palatinate blue,,FALSE,,,,,
Persian rose,#FE28A2,,,,,,,Palatinate purple,,FALSE,,,,,
Persimmon,#EC5800,,,,,,,Pale blue (Usuao),,FALSE,,,,,
Peru,#cd853f,,,,,,,Pale Blue / Pale Turquoise,,FALSE,,,,,
Pewter Blue,#8BA8B7,,,,,,,Pale Brown,,FALSE,,,,,
Phlox,#DF00FF,,,,,,,Pale cerulean,,FALSE,,,,,
Phthalo blue,#000F89,,,,,,,Pale Chestnut,,FALSE,,,,,
Phthalo green,#123524,,,,,,,Pale Cornflower Blue,,FALSE,,,,,
Picotee blue,#2E2787,,,,,,,Pale Cyan,,FALSE,,,,,
Picton blue,#45b1e8,,,,,,,Pale fallen leaves (Aokuchiba),,FALSE,,,,,
Pictorial carmine,#C30B4E,,,,,,,Pale goldenrod,,FALSE,,,,,
Piggy pink,#FDDDE6,,,,,,,Pale Green,,FALSE,,,,,
Pine green,#01796F,,,,,,,Pale green onion (Mizuasagi),,FALSE,,,,,
Pine tree,#2A2F23,,,,,,,Pale incense (Usuko),,FALSE,,,,,
Pineapple,#563c5c,,,,,,,Pale lavender,,FALSE,,,,,
Pink,#FFC0CB,,,,,,,Pale Magenta,,FALSE,,,,,
Pink (Pantone),#D74894,,,,,,,Pale Magenta-Pink,,FALSE,,,,,
Pink Flamingo,#FC74FD,,,,,,,Pale oak (Aoshirotsurubami),,FALSE,,,,,
Pink lace,#FFDDF4,,,,,,,Pale persimmon (Usugaki),,FALSE,,,,,
Pink lavender,#D8B2D1,,,,,,,Pale pink,,FALSE,,,,,
Pink pearl,#e7accf,,,,,,,Pale purple (Pantone),,FALSE,,,,,
Pink raspberry,#980036,,,,,,,Pale red-violet,,FALSE,,,,,
Pink Sherbet,#F78FA7,,,,,,,Pale robin egg blue,,FALSE,,,,,
Pink-orange,#ff9966,,,,,,,Pale silver,,FALSE,,,,,
Pistachio,#93C572,,,,,,,Pale spring bud,,FALSE,,,,,
Pixie Powder,#391285,,,,,,,Pale taupe,,FALSE,,,,,
Platinum,#E5E4E2,,,,,,,Pale Violet,,FALSE,,,,,
Plum,#8E4585,,,,,,,Pale young green onion (Usumoegi),,FALSE,,,,,
Plum (web),#DDA0DD,,,,,,,Palm Leaf,,FALSE,,,,,
Plump Purple,#5946B2,,,,,,,Panasonic blue,,FALSE,,,,,
Polished Pine,#5DA493,,,,,,,Pansy purple,,FALSE,,,,,
Pomp and Power,#86608E,,,,,,,Paolo Veronese green,,FALSE,,,,,
Popstar,#BE4F62,,,,,,,Papaya whip,,FALSE,,,,,
Portland Orange,#FF5A36,,,,,,,Paradise pink,,FALSE,,,,,
Powder blue,#B0E0E6,,,,,,,Parakeet Blue,,FALSE,,,,,
Princess Perfume,#ff85cf,,,,,,,Parrot Pink,,FALSE,,,,,
Princeton orange,#F58025,,,,,,,Pastel blue,,FALSE,,,,,
Prune,#701C1C,,,,,,,Pastel brown,,FALSE,,,,,
Prussian blue,#003153,,,,,,,Pastel gray,,FALSE,,,,,
Psychedelic purple,#DF00FF,,,,,,,Pastel green,,FALSE,,,,,
Puce,#CC8899,,,,,,,Pastel magenta,,FALSE,,,,,
Puce red,#722f37,,,,,,,Pastel orange,,FALSE,,,,,
Pullman Brown (UPS Brown),#644117,,,,,,,Pastel pink,,FALSE,,,,,
Pullman Green,#3b331c,,,,,,,Pastel purple,,FALSE,,,,,
Pumpkin,#FF7518,,,,,,,Pastel red,,FALSE,,,,,
Purple,#6A0DAD,,,,,,,Pastel violet,,FALSE,,,,,
Purple (Munsell),#9F00C5,,,,,,,Pastel yellow,,FALSE,,,,,
Purple (web),#800080,,,,,,,Patina (Rokusho),,FALSE,,,,,
Purple (X11),#A020F0,,,,,,,Patriarch,,FALSE,,,,,
Purple Heart,#69359C,,,,,,,Patrinia flowers (Patrinia scabiosaefolia) (Ominaeshi),,FALSE,,,,,
Purple mountain majesty,#9678B6,,,,,,,Peach,,FALSE,,,,,
Purple navy,#4E5180,,,,,,,Peach Burst,,FALSE,,,,,
Purple pizzazz,#FE4EDA,,,,,,,Peach puff,,FALSE,,,,,
Purple Plum,#9C51B6,,,,,,,Peach-colored (Momo-iro),,FALSE,,,,,
Purple taupe,#50404d,,,,,,,Peach-orange,,FALSE,,,,,
Purpureus,#9A4EAE,,,,,,,Peach-yellow,,FALSE,,,,,
Quartz,#51484f,,,,,,,Pear,,FALSE,,,,,
Queen blue,#436B95,,,,,,,Pearl,,FALSE,,,,,
Queen pink,#E8CCD7,,,,,,,Pearl Aqua,,FALSE,,,,,
Quick Silver,#A6A6A6,,,,,,,Pearly purple,,FALSE,,,,,
Quinacridone magenta,#8E3A59,,,,,,,Penguin White,,FALSE,,,,,
Rackley,#5d8aa8,,,,,,,Peridot,,FALSE,,,,,
Radical Red,#FF355E,,,,,,,Periwinkle (Crayola),,FALSE,,,,,
Raisin black,#242124,,,,,,,Permanent Geranium Lake,,FALSE,,,,,
Rajah,#FBAB60,,,,,,,Persian blue,,FALSE,,,,,
Raspberry,#E30B5D,,,,,,,Persian green,,FALSE,,,,,
Raspberry glace,#915F6D,,,,,,,Persian indigo,,FALSE,,,,,
Raspberry pink,#e25098,,,,,,,Persian orange,,FALSE,,,,,
Raspberry rose,#B3446C,,,,,,,Persian pink,,FALSE,,,,,
Raw Sienna,#D68A59,,,,,,,Persian plum,,FALSE,,,,,
Raw umber,#826644,,,,,,,Persian red,,FALSE,,,,,
Razzle dazzle rose,#FF33CC,,,,,,,Persian rose,,FALSE,,,,,
Razzmatazz,#E3256B,,,,,,,Persimmon,,FALSE,,,,,
Razzmic Berry,#8D4E85,,,,,,,Persimmon-juice color (Kakishibu-iro),,FALSE,,,,,
Rebecca Purple,#663399,,,,,,,Peru,,FALSE,,,,,
Red,#FF0000,,,,,,,Pewter Blue,,FALSE,,,,,
Red (Crayola),#EE204D,,,,,,,Philippine blue,,FALSE,,,,,
Red (Munsell),#F2003C,,,,,,,Philippine bronze,,FALSE,,,,,
Red (NCS),#C40233,,,,,,,Philippine brown,,FALSE,,,,,
Red (Pantone),#ED2939,,,,,,,Philippine gold,,FALSE,,,,,
Red (pigment),#ED1C24,,,,,,,Philippine gray,,FALSE,,,,,
Red (RYB),#FE2712,,,,,,,Philippine green,,FALSE,,,,,
Red devil,#860111,,,,,,,Philippine orange,,FALSE,,,,,
Red Salsa,#FD3A4A,,,,,,,Philippine pink,,FALSE,,,,,
Red-brown,#A52A2A,,,,,,,Philippine red,,FALSE,,,,,
Red-brown,#a52a2a,,,,,,,Philippine silver,,FALSE,,,,,
Red-orange,#FF5349,,,,,,,Philippine violet,,FALSE,,,,,
Red-orange (Color wheel),#FF4500,,,,,,,Philippine yellow,,FALSE,,,,,
Red-orange (Crayola),#FF681F,,,,,,,Phlox,,FALSE,,,,,
Red-purple,#E40078,,,,,,,Phthalo blue,,FALSE,,,,,
Red-violet,#C71585,,,,,,,Phthalo green,,FALSE,,,,,
Red-violet (Color wheel),#922B3E,,,,,,,Picton blue,,FALSE,,,,,
Red-violet (Crayola),#C0448F,,,,,,,Pictorial carmine,,FALSE,,,,,
Redwood,#A45A52,,,,,,,Piggy pink,,FALSE,,,,,
Regalia,#522d80,,,,,,,Pine green,,FALSE,,,,,
Resolution blue,#002387,,,,,,,Pine needle color (Matsuba-iro),,FALSE,,,,,
Rhythm,#777696,,,,,,,Pine tree,,FALSE,,,,,
Rich black,#004040,,,,,,,Pineapple,,FALSE,,,,,
Rich black (FOGRA29),#010B13,,,,,,,Pink,,FALSE,,,,,
Rich black (FOGRA39),#010203,,,,,,,Pink (Pantone),,FALSE,,,,,
Rich carmine,#d70040,,,,,,,Pink flamingo,,FALSE,,,,,
Rich electric blue,#0892d0,,,,,,,Pink lace,,FALSE,,,,,
Rich lavender,#a76bcf,,,,,,,Pink lavender,,FALSE,,,,,
Rich lilac,#b666d2,,,,,,,Pink pearl,,FALSE,,,,,
Rich maroon,#b03060,,,,,,,Pink raspberry,,FALSE,,,,,
Rifle green,#444C38,,,,,,,Pink Sherbet,,FALSE,,,,,
Roast coffee,#704241,,,,,,,Pistachio,,FALSE,,,,,
Robin egg blue,#00CCCC,,,,,,,Pixie Powder,,FALSE,,,,,
Rocket metallic,#8A7F80,,,,,,,Plain mouse (Sunezumi),,FALSE,,,,,
Roman silver,#838996,,,,,,,Platinum,,FALSE,,,,,
Rose,#FF007F,,,,,,,Plum,,FALSE,,,,,
Rose bonbon,#F9429E,,,,,,,Plum purple (Umemurasaki),,FALSE,,,,,
Rose Dust,#9E5E6F,,,,,,,Plum-blossom mouse (Umenezumi),,FALSE,,,,,
Rose ebony,#674846,,,,,,,Plum-dyed (Umezome),,FALSE,,,,,
Rose gold,#b76e79,,,,,,,Plump Purple,,FALSE,,,,,
Rose madder,#E32636,,,,,,,Poker Green,,FALSE,,,,,
Rose pink,#FF66CC,,,,,,,Polished brown (Tonocha),,FALSE,,,,,
Rose quartz,#AA98A9,,,,,,,Polished Pine,,FALSE,,,,,
Rose red,#C21E56,,,,,,,Pomegranate,,FALSE,,,,,
Rose taupe,#905D5D,,,,,,,Pomelo,,FALSE,,,,,
Rose vale,#AB4E52,,,,,,,Pomelo Olive,,FALSE,,,,,
Rosewood,#65000B,,,,,,,Pomelo White,,FALSE,,,,,
Rosso corsa,#D40000,,,,,,,Poppy Petal,,FALSE,,,,,
Rosy brown,#BC8F8F,,,,,,,Popstar,,FALSE,,,,,
Royal azure,#0038a8,,,,,,,Porcupine,,FALSE,,,,,
Royal blue (dark),#002366,,,,,,,Portland Orange,,FALSE,,,,,
Royal blue (light),#4169E1,,,,,,,Powder blue,,FALSE,,,,,
Royal fuchsia,#ca2c92,,,,,,,Princess Perfume,,FALSE,,,,,
Royal purple,#7851A9,,,,,,,Princeton orange,,FALSE,,,,,
Royal yellow,#FADA5E,,,,,,,Prussian blue,,FALSE,,,,,
Ruber,#CE4676,,,,,,,Prussian blue color (Konjo-iro),,FALSE,,,,,
Rubine red,#D10056,,,,,,,Puce,,FALSE,,,,,
Ruby,#E0115F,,,,,,,Puce red,,FALSE,,,,,
Ruby red,#9B111E,,,,,,,Pullman Brown (UPS Brown),,FALSE,,,,,
Ruddy,#ff0028,,,,,,,Pullman Green,,FALSE,,,,,
Ruddy brown,#bb6528,,,,,,,Pumpkin,,FALSE,,,,,
Ruddy pink,#e18e96,,,,,,,Pure crimson (dye) (Akabeni),,FALSE,,,,,
Rufous,#A81C07,,,,,,,Purple,,FALSE,,,,,
Russet,#80461B,,,,,,,Purple (Munsell),,FALSE,,,,,
Russian green,#679267,,,,,,,Purple (Murasaki),,FALSE,,,,,
Russian violet,#32174D,,,,,,,Purple (X11),,FALSE,,,,,
Rust,#B7410E,,,,,,,Purple Heart,,FALSE,,,,,
Rusty red,#DA2C43,,,,,,,Purple kite (Murasakitobi),,FALSE,,,,,
Sacramento State green,#043927,,,,,,,Purple mountain majesty,,FALSE,,,,,
Saddle brown,#8B4513,,,,,,,Purple navy,,FALSE,,,,,
Safety orange,#FF7800,,,,,,,Purple pizzazz,,FALSE,,,,,
Safety orange (blaze orange),#FF6700,,,,,,,Purple Plum,,FALSE,,,,,
Safety yellow,#EED202,,,,,,,Purple taupe,,FALSE,,,,,
Saffron,#F4C430,,,,,,,Purpureus,,FALSE,,,,,
Sage,#BCB88A,,,,,,,Quartz,,FALSE,,,,,
Salmon,#FA8072,,,,,,,Queen blue,,FALSE,,,,,
Salmon pink,#FF91A4,,,,,,,Queen pink,,FALSE,,,,,
Sand,#C2B280,,,,,,,Quick Silver,,FALSE,,,,,
Sand dune,#967117,,,,,,,Quinacridone magenta,,FALSE,,,,,
Sandstorm,#ecd540,,,,,,,Quincy,,FALSE,,,,,
Sandy brown,#F4A460,,,,,,,Rabbit-ear iris (Kakitsubata),,FALSE,,,,,
Sandy Tan,#fdd9b5,,,,,,,Radical Red,,FALSE,,,,,
Sandy taupe,#967117,,,,,,,Raisin black,,FALSE,,,,,
Sangria,#92000a,,,,,,,Rajah,,FALSE,,,,,
Sap green,#507D2A,,,,,,,Rambutan,,FALSE,,,,,
Sapphire,#0F52BA,,,,,,,Rambutan Red,,FALSE,,,,,
Sapphire blue,#0067A5,,,,,,,Rape-blossom brown (Nanohanacha),,FALSE,,,,,
Sasquatch Socks,#ff4681,,,,,,,Rapeseed oil-colored (Nataneyu-iro),,FALSE,,,,,
Satin sheen gold,#CBA135,,,,,,,Raspberry,,FALSE,,,,,
Scarlet,#FF2400,,,,,,,Raspberry pink,,FALSE,,,,,
Schauss pink,#FF91AF,,,,,,,Raw Sienna,,FALSE,,,,,
School bus yellow,#FFD800,,,,,,,Raw umber,,FALSE,,,,,
Screamin' Green,#66FF66,,,,,,,Razzle dazzle rose,,FALSE,,,,,
Sea blue,#006994,,,,,,,Razzmatazz,,FALSE,,,,,
Sea Foam Green,#9fe2bf,,,,,,,Razzmic Berry,,FALSE,,,,,
Sea green,#2E8B57,,,,,,,Rebecca Purple,,FALSE,,,,,
Sea green (Crayola),#00FFCD,,,,,,,Red,,FALSE,,,,,
Sea Serpent,#4bc7cf,,,,,,,Red (Crayola),,FALSE,,,,,
Seal brown,#59260B,,,,,,,Red (Munsell),,FALSE,,,,,
Seashell,#FFF5EE,,,,,,,Red (NCS),,FALSE,,,,,
Selective yellow,#FFBA00,,,,,,,Red (RYB),,FALSE,,,,,
Sepia,#704214,,,,,,,Red bean color (Azuki-iro),,FALSE,,,,,
Shadow,#8A795D,,,,,,,Red birch (Benikaba),,FALSE,,,,,
Shadow blue,#778BA5,,,,,,,Red cola,,FALSE,,,,,
Shampoo,#ffcff1,,,,,,,Red devil,,FALSE,,,,,
Shamrock green,#009E60,,,,,,,Red incense-colored (Akako-iro),,FALSE,,,,,
Sheen Green,#8FD400,,,,,,,Red kite (bird species) (Benitobi),,FALSE,,,,,
Shimmering Blush,#D98695,,,,,,,Red ochre color (Taisha-iro),,FALSE,,,,,
Shiny Shamrock,#5FA778,,,,,,,Red plum colored (Kobai-iro),,FALSE,,,,,
Shocking pink,#FC0FC0,,,,,,,Red Salsa,,FALSE,,,,,
Shocking pink (Crayola),#FF6FFF,,,,,,,Red wisteria (Benifuji),,FALSE,,,,,
Sienna,#882D17,,,,,,,Red-bronze (lit. red dye and turmeric) (Beniukon),,FALSE,,,,,
Silver,#C0C0C0,,,,,,,Red-brown (Edo brown) (Edocha),,FALSE,,,,,
Silver (Crayola),#C9C0BB,,,,,,,Red-brown (lit. chestnut-plum) (Kiriume),,FALSE,,,,,
Silver (Metallic),#AAA9AD,,,,,,,Red-orange (Color wheel),,FALSE,,,,,
Silver chalice,#ACACAC,,,,,,,Red-orange (lit. orangutan-colored) (Shojohi),,FALSE,,,,,
Silver Lake blue,#5d89ba,,,,,,,Red-purple,,FALSE,,,,,
Silver pink,#C4AEAD,,,,,,,Red-violet (Color wheel),,FALSE,,,,,
Silver sand,#BFC1C2,,,,,,,Red-violet (Crayola),,FALSE,,,,,
Sinopia,#CB410B,,,,,,,Redwood,,FALSE,,,,,
Sizzling Red,#FF3855,,,,,,,Regalia,,FALSE,,,,,
Sizzling Sunrise,#FFDB00,,,,,,,Resolution blue,,FALSE,,,,,
Skin,#ffe0bd,,,,,,,Rhythm,,FALSE,,,,,
Skobeloff,#007474,,,,,,,Rich black,,FALSE,,,,,
Sky blue,#87CEEB,,,,,,,Rich black (FOGRA29),,FALSE,,,,,
Sky blue (Crayola),#76D7EA,,,,,,,Rich black (FOGRA39),,FALSE,,,,,
Sky magenta,#CF71AF,,,,,,,Rich brilliant lavender,,FALSE,,,,,
Slate blue,#6A5ACD,,,,,,,Rich electric blue,,FALSE,,,,,
Slate gray,#708090,,,,,,,Rich gardenia (Kokikuchinashi),,FALSE,,,,,
Slimy Green,#299617,,,,,,,Rich lavender,,FALSE,,,,,
Smalt (Dark powder blue),#003399,,,,,,,Rich lilac,,FALSE,,,,,
Smashed Pumpkin,#ff6d3a,,,,,,,Rifle green,,FALSE,,,,,
Smitten,#C84186,,,,,,,Rikan brown (Rikancha),,FALSE,,,,,
Smoke,#738276,,,,,,,Rinsed-out red (Araishu),,FALSE,,,,,
Smokey Topaz,#832a0d,,,,,,,Ripe mango,,FALSE,,,,,
Smoky black,#100C08,,,,,,,Robin egg blue,,FALSE,,,,,
Smoky Topaz,#933d41,,,,,,,Rocket metallic,,FALSE,,,,,
Snow,#FFFAFA,,,,,,,Roman silver,,FALSE,,,,,
Soap,#cec8ef,,,,,,,Root beer,,FALSE,,,,,
Solid pink,#893843,,,,,,,Rose bonbon,,FALSE,,,,,
Sonic silver,#757575,,,,,,,Rose Dust,,FALSE,,,,,
Space cadet,#1D2951,,,,,,,Rose ebony,,FALSE,,,,,
Spanish bistre,#807532,,,,,,,Rose garnet,,FALSE,,,,,
Spanish blue,#0070B8,,,,,,,Rose gold,,FALSE,,,,,
Spanish carmine,#D10047,,,,,,,Rose pink,,FALSE,,,,,
Spanish crimson,#e51a4c,,,,,,,Rose quartz pink,,FALSE,,,,,
Spanish gray,#989898,,,,,,,Rose red,,FALSE,,,,,
Spanish green,#009150,,,,,,,Rose taupe,,FALSE,,,,,
Spanish orange,#E86100,,,,,,,Rose vale,,FALSE,,,,,
Spanish pink,#F7BFBE,,,,,,,Rosewood,,FALSE,,,,,
Spanish red,#E60026,,,,,,,Rosso corsa,,FALSE,,,,,
Spanish sky blue,#00FFFF,,,,,,,Rosy brown,,FALSE,,,,,
Spanish violet,#4C2882,,,,,,,Royal azure,,FALSE,,,,,
Spanish viridian,#007F5C,,,,,,,Royal blue (dark),,FALSE,,,,,
Spartan Crimson,#9e1316,,,,,,,Royal blue (light),,FALSE,,,,,
Spicy mix,#8b5f4d,,,,,,,Royal brown,,FALSE,,,,,
Spiro Disco Ball,#0fc0fc,,,,,,,Royal fuchsia,,FALSE,,,,,
Spring bud,#A7FC00,,,,,,,Royal green,,FALSE,,,,,
Spring Frost,#87FF2A,,,,,,,Royal orange,,FALSE,,,,,
Spring green,#00FF7F,,,,,,,Royal pink,,FALSE,,,,,
Spring green (Crayola),#ECEBBD,,,,,,,Royal purple,,FALSE,,,,,
St. Patrick's blue,#23297A,,,,,,,Royal red,,FALSE,,,,,
Star command blue,#007BB8,,,,,,,Royal red,,FALSE,,,,,
Steel blue,#4682B4,,,,,,,Ruber,,FALSE,,,,,
Steel pink,#CC33CC,,,,,,,Rubine red,,FALSE,,,,,
Steel Teal,#5F8A8B,,,,,,,Ruby,,FALSE,,,,,
Stil de grain yellow,#FADA5E,,,,,,,Ruby red,,FALSE,,,,,
Stormcloud,#4f666a,,,,,,,Ruddy,,FALSE,,,,,
Straw,#E4D96F,,,,,,,Ruddy brown,,FALSE,,,,,
Strawberry,#fc5a8d,,,,,,,Ruddy pink,,FALSE,,,,,
Sugar Plum,#914E75,,,,,,,Rufous,,FALSE,,,,,
Sunburnt Cyclops,#ff404c,,,,,,,Rum,,FALSE,,,,,
Sunglow,#FFCC33,,,,,,,Russet,,FALSE,,,,,
Sunny,#f2f27a,,,,,,,Russian green,,FALSE,,,,,
Sunray,#E3AB57,,,,,,,Russian violet,,FALSE,,,,,
Sunset,#FAD6A5,,,,,,,Rust,,FALSE,,,,,
Sunset orange,#fd5e53,,,,,,,Rusted light-blue (Sabiasagi),,FALSE,,,,,
Super pink,#CF6BA9,,,,,,,Rusty celadon (Sabiseiji),,FALSE,,,,,
Sweet Brown,#A83731,,,,,,,Rusty red,,FALSE,,,,,
Tan,#D2B48C,,,,,,,Rusty storage (Sabionando),,FALSE,,,,,
Tan (Crayola),#D99A6C,,,,,,,Rusty storeroom (Sabitetsuonando),,FALSE,,,,,
Tangelo,#f94d00,,,,,,,Sacramento State green,,FALSE,,,,,
Tangerine,#F28500,,,,,,,Saddle brown,,FALSE,,,,,
Tangerine yellow,#ffcc00,,,,,,,Safety orange,,FALSE,,,,,
Tango pink,#E4717A,,,,,,,Safety orange (blaze orange),,FALSE,,,,,
Tart Orange,#FB4D46,,,,,,,Safety yellow,,FALSE,,,,,
Taupe,#483C32,,,,,,,Safflower color (Benikakehana-iro),,FALSE,,,,,
Taupe gray,#8B8589,,,,,,,Saffron,,FALSE,,,,,
Tea green,#D0F0C0,,,,,,,Sage,,FALSE,,,,,
Tea rose,#F4C2C2,,,,,,,Salmon,,FALSE,,,,,
Tea rose,#F88379,,,,,,,Salmon pink,,FALSE,,,,,
Teal,#008080,,,,,,,Salmon Rose,,FALSE,,,,,
Teal blue,#367588,,,,,,,Samsung blue,,FALSE,,,,,
Teal deer,#99e6b3,,,,,,,Sandstorm,,FALSE,,,,,
Teal green,#00827f,,,,,,,Sandy brown,,FALSE,,,,,
Telemagenta,#CF3476,,,,,,,Sandy Tan,,FALSE,,,,,
Tenne (tawny),#CD5700,,,,,,,Sangria,,FALSE,,,,,
Terra cotta,#E2725B,,,,,,,Sap green,,FALSE,,,,,
Thistle,#D8BFD8,,,,,,,Sappanwood (Suo),,FALSE,,,,,
Thulian pink,#DE6FA1,,,,,,,Sappanwood incense (Suoko),,FALSE,,,,,
Tickle Me Pink,#FC89AC,,,,,,,Sapphire,,FALSE,,,,,
Tiffany Blue,#0ABAB5,,,,,,,Sasquatch Socks,,FALSE,,,,,
Tiger's eye,#e08d3c,,,,,,,Satin sheen gold,,FALSE,,,,,
Timberwolf,#DBD7D2,,,,,,,Sawtooth oak (Akashirotsurubami),,FALSE,,,,,
Titanium yellow,#EEE600,,,,,,,Scarlet,,FALSE,,,,,
Tomato,#FF6347,,,,,,,Scarlet (blood) (Ake),,FALSE,,,,,
Toolbox,#746cc0,,,,,,,School bus yellow,,FALSE,,,,,
Topaz,#ffc87c,,,,,,,Scorched brown (Kogecha),,FALSE,,,,,
Tractor red,#fd0e35,,,,,,,Screamin' Green,,FALSE,,,,,
Trolley Grey,#808080,,,,,,,Sea blue,,FALSE,,,,,
Tropical rain forest,#00755E,,,,,,,Sea Foam Green,,FALSE,,,,,
Tropical violet,#cda4de,,,,,,,Sea green,,FALSE,,,,,
True Blue,#2D68C4,,,,,,,Sea green (Crayola),,FALSE,,,,,
Trypan Blue,#1C05B3,,,,,,,Sea Serpent,,FALSE,,,,,
Tufts blue,#3E8EDE,,,,,,,Seal brown,,FALSE,,,,,
Tufts Blue,#417dc1,,,,,,,Seashell,,FALSE,,,,,
Tulip,#ff878d,,,,,,,Selective yellow,,FALSE,,,,,
Tumbleweed,#DEAA88,,,,,,,Sen no Rikyu's tea (Rikyucha),,FALSE,,,,,
Turkish rose,#b57281,,,,,,,Sepia,,FALSE,,,,,
Turquoise,#40E0D0,,,,,,,Sesame Street Green,,FALSE,,,,,
Turquoise blue,#00FFEF,,,,,,,Shadow,,FALSE,,,,,
Turquoise green,#A0D6B4,,,,,,,Shadow blue,,FALSE,,,,,
Turquoise Surf,#00c5cd,,,,,,,Shampoo,,FALSE,,,,,
Turtle green,#8A9A5B,,,,,,,Shamrock green,,FALSE,,,,,
Tuscan,#FAD6A5,,,,,,,Shandy,,FALSE,,,,,
Tuscan brown,#6F4E37,,,,,,,Sheen green,,FALSE,,,,,
Tuscan red,#7C4848,,,,,,,Shimmering Blush,,FALSE,,,,,
Tuscan tan,#A67B5B,,,,,,,Shiny Shamrock,,FALSE,,,,,
Tuscany,#C09999,,,,,,,Shocking pink,,FALSE,,,,,
Twilight lavender,#8A496B,,,,,,,Shocking pink (Crayola),,FALSE,,,,,
Tyrian purple,#66023C,,,,,,,Silk crepe brown (Omeshicha),,FALSE,,,,,
UA blue,#0033AA,,,,,,,Silver (Metallic),,FALSE,,,,,
UA red,#D9004C,,,,,,,Silver chalice,,FALSE,,,,,
Ube,#8878c3,,,,,,,Silver foil,,FALSE,,,,,
UCLA Blue,#536895,,,,,,,Silver Lake blue,,FALSE,,,,,
UCLA Gold,#ffb300,,,,,,,Silver pink,,FALSE,,,,,
UFO Green,#3cd070,,,,,,,Silver sand,,FALSE,,,,,
Ultra pink,#FF6FFF,,,,,,,Silver-grey (Ginnezumi),,FALSE,,,,,
Ultra red,#FC6C85,,,,,,,Simmered seaweed (Mirucha),,FALSE,,,,,
Ultramarine,#3F00FF,,,,,,,Sinopia,,FALSE,,,,,
Ultramarine blue,#4166F5,,,,,,,Siskin sprout yellow (Hiwamoegi),,FALSE,,,,,
Umber,#635147,,,,,,,Sizzling Red,,FALSE,,,,,
Unbleached silk,#FFDDCA,,,,,,,Sizzling Sunrise,,FALSE,,,,,
United Nations blue,#5B92E5,,,,,,,Skobeloff,,FALSE,,,,,
University of California Gold,#b78727,,,,,,,Sky blue,,FALSE,,,,,
University of Tennessee Orange,#f77f00,,,,,,,Sky blue (Crayola),,FALSE,,,,,
Unmellow yellow,#FFFF66,,,,,,,Sky Blue color (Sora-iro),,FALSE,,,,,
UP Forest green,#014421,,,,,,,Sky magenta,,FALSE,,,,,
UP maroon,#7B1113,,,,,,,Slate blue,,FALSE,,,,,
Upsdell red,#AE2029,,,,,,,Slate gray,,FALSE,,,,,
Uranian blue,#AFDBF5,,,,,,,Slimy green,,FALSE,,,,,
Urobilin,#e1ad21,,,,,,,Smashed Pumpkin,,FALSE,,,,,
USAFA blue,#004F98,,,,,,,Smitten,,FALSE,,,,,
USC Gold,#ffcc00,,,,,,,Smoke,,FALSE,,,,,
Utah Crimson,#d3003f,,,,,,,Smokey Topaz,,FALSE,,,,,
Van Dyke brown,#664228,,,,,,,Smoky black,,FALSE,,,,,
Vanilla,#F3E5AB,,,,,,,Smoky Topaz,,FALSE,,,,,
Vanilla ice,#F38FA9,,,,,,,Snow,,FALSE,,,,,
Vegas gold,#C5B358,,,,,,,Soap,,FALSE,,,,,
Venetian red,#C80815,,,,,,,Soldier Green,,FALSE,,,,,
Verdigris,#43B3AE,,,,,,,Solid pink,,FALSE,,,,,
Vermilion,#D9381E,,,,,,,Sonic silver,,FALSE,,,,,
Vermilion,#E34234,,,,,,,Sooty willow bamboo (Yanagisusutake),,FALSE,,,,,
Veronica,#A020F0,,,,,,,Space cadet,,FALSE,,,,,
Very light azure,#74bbfb,,,,,,,Spanish bistre,,FALSE,,,,,
Very light blue,#6666ff,,,,,,,Spanish blue,,FALSE,,,,,
Very light malachite green,#64e986,,,,,,,Spanish carmine,,FALSE,,,,,
Very light tangelo,#ffb077,,,,,,,Spanish crimson,,FALSE,,,,,
Very pale orange,#ffdfbf,,,,,,,Spanish gray,,FALSE,,,,,
Very pale yellow,#ffffbf,,,,,,,Spanish green,,FALSE,,,,,
Violet,#8F00FF,,,,,,,Spanish orange,,FALSE,,,,,
Violet (color wheel),#7F00FF,,,,,,,Spanish pink,,FALSE,,,,,
Violet (crayola),#963D7F,,,,,,,Spanish purple,,FALSE,,,,,
Violet (RYB),#8601AF,,,,,,,Spanish red,,FALSE,,,,,
Violet (web),#EE82EE,,,,,,,Spanish violet,,FALSE,,,,,
Violet-blue,#324AB2,,,,,,,Spanish viridian,,FALSE,,,,,
Violet-blue (Crayola),#766EC8,,,,,,,Spanish yellow,,FALSE,,,,,
Violet-red,#F75394,,,,,,,Sparrow-brown (Suzumecha),,FALSE,,,,,
Viridian,#40826D,,,,,,,Spartan Crimson,,FALSE,,,,,
Viridian green,#009698,,,,,,,Spicy mix,,FALSE,,,,,
Vista blue,#7c9ed9,,,,,,,Spicy red-brown (Chinese tea brown) (Karacha),,FALSE,,,,,
Vivid amber,#cc9900,,,,,,,Spiro Disco Ball,,FALSE,,,,,
Vivid auburn,#922724,,,,,,,Sponge,,FALSE,,,,,
Vivid burgundy,#9F1D35,,,,,,,Spring bud,,FALSE,,,,,
Vivid cerise,#da1d81,,,,,,,Spring Frost,,FALSE,,,,,
Vivid cerulean,#00aaee,,,,,,,Sprint Red,,FALSE,,,,,
Vivid crimson,#cc0033,,,,,,,Sprint Yellow,,FALSE,,,,,
Vivid gamboge,#ff9900,,,,,,,St. Patrick's blue,,FALSE,,,,,
Vivid lime green,#a6d608,,,,,,,Stained red (Benimidori),,FALSE,,,,,
Vivid malachite,#00cc33,,,,,,,Star command blue,,FALSE,,,,,
Vivid mulberry,#b80ce3,,,,,,,Steamed chestnut color (Mushikuri-iro),,FALSE,,,,,
Vivid orange,#ff5f00,,,,,,,Steel blue,,FALSE,,,,,
Vivid orange peel,#ffa000,,,,,,,Steel pink,,FALSE,,,,,
Vivid orchid,#cc00ff,,,,,,,Steel Teal,,FALSE,,,,,
Vivid raspberry,#ff006c,,,,,,,Stone Terrace,,FALSE,,,,,
Vivid red,#f70d1a,,,,,,,Stop red,,FALSE,,,,,
Vivid red-tangelo,#df6124,,,,,,,Storeroom brown (Onandocha),,FALSE,,,,,
Vivid sky blue,#00CCFF,,,,,,,Stormcloud,,FALSE,,,,,
Vivid tangelo,#f07427,,,,,,,Straw,,FALSE,,,,,
Vivid tangerine,#FFA089,,,,,,,Strawberry,,FALSE,,,,,
Vivid vermilion,#e56024,,,,,,,Strawberry Daiquiri,,FALSE,,,,,
Vivid violet,#9F00FF,,,,,,,Strawberry Jam,,FALSE,,,,,
Vivid yellow,#ffe302,,,,,,,Strawberry red,,FALSE,,,,,
Volt,#CEFF00,,,,,,,Strong boy pink,,FALSE,,,,,
Wageningen Green,#34b233,,,,,,,Stylish persimmon (Sharegaki),,FALSE,,,,,
Warm black,#004242,,,,,,,Sugar Plum,,FALSE,,,,,
Waterspout,#a4f4f9,,,,,,,Sumac-dyed (Hajizome),,FALSE,,,,,
Weldon Blue,#7c98ab,,,,,,,Sumac-dyed (Korozen),,FALSE,,,,,
Wenge,#645452,,,,,,,Sunburnt Cyclops,,FALSE,,,,,
Wheat,#F5DEB3,,,,,,,Sunglow,,FALSE,,,,,
White,#FFFFFF,,,,,,,Sunny,,FALSE,,,,,
White smoke,#f5f5f5,,,,,,,Sunray,,FALSE,,,,,
Wild blue yonder,#A2ADD0,,,,,,,Sunset Orange,,FALSE,,,,,
Wild orchid,#D470A2,,,,,,,Sunset Yellow,,FALSE,,,,,
Wild Strawberry,#FF43A4,,,,,,,Super pink,,FALSE,,,,,
Wild watermelon,#FC6C85,,,,,,,Sweet Brown,,FALSE,,,,,
Willpower orange,#fd5800,,,,,,,Sweet Sixteen,,FALSE,,,,,
Windsor tan,#A75502,,,,,,,Tan,,FALSE,,,,,
Wine,#722F37,,,,,,,Tan (Crayola),,FALSE,,,,,
Wine dregs,#673147,,,,,,,Tangelo,,FALSE,,,,,
Winter Sky,#FF007C,,,,,,,Tangerine,,FALSE,,,,,
Winter Wizard,#a0e6ff,,,,,,,Tangerine yellow,,FALSE,,,,,
Wintergreen Dream,#56887D,,,,,,,Taobao Orange,,FALSE,,,,,
Wisteria,#C9A0DC,,,,,,,Tardis blue,,FALSE,,,,,
Wood brown,#C19A6B,,,,,,,Tart Orange,,FALSE,,,,,
Xanadu,#738678,,,,,,,Tatarian aster color (Shion-iro),,FALSE,,,,,
Xanthic,#EEED09,,,,,,,Taupe gray,,FALSE,,,,,
Xiketic,#0C020F,,,,,,,Tea green,,FALSE,,,,,
Yale Blue,#0F4D92,,,,,,,Teal,,FALSE,,,,,
Yankees blue,#1c2841,,,,,,,Teal blue,,FALSE,,,,,
Yellow,#FFFF00,,,,,,,Teal deer,,FALSE,,,,,
Yellow (Crayola),#FCE883,,,,,,,Teal green,,FALSE,,,,,
Yellow (Munsell),#EFCC00,,,,,,,Telemagenta,,FALSE,,,,,
Yellow (NCS),#FFD300,,,,,,,Temptress,,FALSE,,,,,
Yellow (Pantone),#FEDF00,,,,,,,Tenné (tawny),,FALSE,,,,,
Yellow (process),#FFEF00,,,,,,,Terra cotta,,FALSE,,,,,
Yellow (RYB),#FEFE33,,,,,,,The color of an undried wall (Namakabe-iro),,FALSE,,,,,
Yellow Orange,#FFAE42,,,,,,,Thin color (Usu-iro),,FALSE,,,,,
Yellow Orange (Color Wheel),#FF9505,,,,,,,Thistle,,FALSE,,,,,
Yellow rose,#fff000,,,,,,,Thistle (Crayola),,FALSE,,,,,
Yellow Sunshine,#FFF700,,,,,,,Thousand herb color (Chigusa-iro),,FALSE,,,,,
Yellow-green,#9ACD32,,,,,,,Thousand year old brown (Sensaicha),,FALSE,,,,,
Yellow-green (Color Wheel),#30B21A,,,,,,,Thousand year old green (Sensaimidori),,FALSE,,,,,
Yellow-green (Crayola),#C5E384,,,,,,,Thrice-dyed crimson (Jinzamomi),,FALSE,,,,,
YInMn Blue,#2E5090,,,,,,,Tickle Me Pink,,FALSE,,,,,
Zaffre,#0014A8,,,,,,,Tiffany Blue,,FALSE,,,,,
Zinnwaldite brown,#2c1608,,,,,,,Tiger's Eye,,FALSE,,,,,
Zomp,#39A78E,,,,,,,Timberwolf,,FALSE,,,,,
,,,,,,,,Titanium,,FALSE,,,,,
,,,,,,,,Titanium yellow,,FALSE,,,,,
,,,,,,,,Tomato,,FALSE,,,,,
,,,,,,,,Tomato sauce,,FALSE,,,,,
,,,,,,,,Toolbox,,FALSE,,,,,
,,,,,,,,Topaz,,FALSE,,,,,
,,,,,,,,Tractor red,,FALSE,,,,,
,,,,,,,,Tree peony (Botan),,FALSE,,,,,
,,,,,,,,Trolley grey,,FALSE,,,,,
,,,,,,,,Tropical rain forest,,FALSE,,,,,
,,,,,,,,Tropical violet,,FALSE,,,,,
,,,,,,,,True Blue,,FALSE,,,,,
,,,,,,,,True Blue,,FALSE,,,,,
,,,,,,,,True red (Shinshu),,FALSE,,,,,
,,,,,,,,Tufts blue,,FALSE,,,,,
,,,,,,,,Tulip,,FALSE,,,,,
,,,,,,,,Tumbleweed,,FALSE,,,,,
,,,,,,,,Turkish rose,,FALSE,,,,,
,,,,,,,,Turmeric-colored (Ukon-iro),,FALSE,,,,,
,,,,,,,,Turquoise,,FALSE,,,,,
,,,,,,,,Turquoise blue,,FALSE,,,,,
,,,,,,,,Turquoise green,,FALSE,,,,,
,,,,,,,,Turquoise Surf,,FALSE,,,,,
,,,,,,,,Tuscan red,,FALSE,,,,,
,,,,,,,,Tuscany,,FALSE,,,,,
,,,,,,,,Twilight lavender,,FALSE,,,,,
,,,,,,,,Twitter blue,,FALSE,,,,,
,,,,,,,,UA blue,,FALSE,,,,,
,,,,,,,,UA red,,FALSE,,,,,
,,,,,,,,Ube,,FALSE,,,,,
,,,,,,,,Ucla Blue,,FALSE,,,,,
,,,,,,,,Ucla Gold,,FALSE,,,,,
,,,,,,,,UE red,,FALSE,,,,,
,,,,,,,,UFO Green,,FALSE,,,,,
,,,,,,,,Ultra red,,FALSE,,,,,
,,,,,,,,Ultramarine blue,,FALSE,,,,,
,,,,,,,,Ultramarine color (Gunjo-iro),,FALSE,,,,,
,,,,,,,,Umber,,FALSE,,,,,
,,,,,,,,Unbleached silk,,FALSE,,,,,
,,,,,,,,Underside of willow leaves (Urahayanagi),,FALSE,,,,,
,,,,,,,,United Nations blue,,FALSE,,,,,
,,,,,,,,University Of California Gold,,FALSE,,,,,
,,,,,,,,University Of Tennessee Orange,,FALSE,,,,,
,,,,,,,,UP maroon,,FALSE,,,,,
,,,,,,,,Upsdell red,,FALSE,,,,,
,,,,,,,,Urobilin,,FALSE,,,,,
,,,,,,,,USAFA blue,,FALSE,,,,,
,,,,,,,,Utah Crimson,,FALSE,,,,,
,,,,,,,,Vampire black,,FALSE,,,,,
,,,,,,,,Van Dyke brown,,FALSE,,,,,
,,,,,,,,Vanilla ice,,FALSE,,,,,
,,,,,,,,Vegas gold,,FALSE,,,,,
,,,,,,,,Velvet (Birodo),,FALSE,,,,,
,,,,,,,,Venetian red,,FALSE,,,,,
,,,,,,,,Verdigris,,FALSE,,,,,
,,,,,,,,Verizon Red,,FALSE,,,,,
,,,,,,,,Verizon Red (2000-2015),,FALSE,,,,,
,,,,,,,,Vermilion,,FALSE,,,,,
,,,,,,,,Verse green,,FALSE,,,,,
,,,,,,,,Very light azure,,FALSE,,,,,
,,,,,,,,Very light blue,,FALSE,,,,,
,,,,,,,,Very light malachite green,,FALSE,,,,,
,,,,,,,,Very light tangelo,,FALSE,,,,,
,,,,,,,,Very pale orange,,FALSE,,,,,
,,,,,,,,Very pale yellow,,FALSE,,,,,
,,,,,,,,Vine grape (Ebizome),,FALSE,,,,,
,,,,,,,,Vine Green,,FALSE,,,,,
,,,,,,,,Violet (color wheel),,FALSE,,,,,
,,,,,,,,Violet (crayola),,FALSE,,,,,
,,,,,,,,Violet (RYB),,FALSE,,,,,
,,,,,,,,Violet-blue,,FALSE,,,,,
,,,,,,,,Violet-blue (Crayola),,FALSE,,,,,
,,,,,,,,Violet-red,,FALSE,,,,,
,,,,,,,,Violet-red,,FALSE,,,,,
,,,,,,,,Violets Are Blue,,FALSE,,,,,
,,,,,,,,Violin Brown,,FALSE,,,,,
,,,,,,,,Viridian green,,FALSE,,,,,
,,,,,,,,Vista blue,,FALSE,,,,,
,,,,,,,,Vivaldi Red,,FALSE,,,,,
,,,,,,,,Vivid auburn,,FALSE,,,,,
,,,,,,,,Vivid burgundy,,FALSE,,,,,
,,,,,,,,Vivid cerise,,FALSE,,,,,
,,,,,,,,Vivid cerulean,,FALSE,,,,,
,,,,,,,,Vivid crimson,,FALSE,,,,,
,,,,,,,,Vivid gamboge,,FALSE,,,,,
,,,,,,,,Vivid lime green,,FALSE,,,,,
,,,,,,,,Vivid malachite,,FALSE,,,,,
,,,,,,,,Vivid mulberry,,FALSE,,,,,
,,,,,,,,Vivid orange,,FALSE,,,,,
,,,,,,,,Vivid orange peel,,FALSE,,,,,
,,,,,,,,Vivid orchid,,FALSE,,,,,
,,,,,,,,Vivid raspberry,,FALSE,,,,,
,,,,,,,,Vivid red,,FALSE,,,,,
,,,,,,,,Vivid red-tangelo,,FALSE,,,,,
,,,,,,,,Vivid sky blue,,FALSE,,,,,
,,,,,,,,Vivid tangelo,,FALSE,,,,,
,,,,,,,,Vivid tangerine,,FALSE,,,,,
,,,,,,,,Vivid vermilion,,FALSE,,,,,
,,,,,,,,Vivid violet,,FALSE,,,,,
,,,,,,,,Vivid yellow,,FALSE,,,,,
,,,,,,,,Vodka,,FALSE,,,,,
,,,,,,,,Volt,,FALSE,,,,,
,,,,,,,,Wageningen Green,,FALSE,,,,,
,,,,,,,,Walnut-dyed (Kurumizome),,FALSE,,,,,
,,,,,,,,Warm black,,FALSE,,,,,
,,,,,,,,Washed-out crimson (dye) (Arazome),,FALSE,,,,,
,,,,,,,,Washed-out persimmon (Araigaki),,FALSE,,,,,
,,,,,,,,Water,,FALSE,,,,,
,,,,,,,,Water persimmon (Mizugaki),,FALSE,,,,,
,,,,,,,,Watermelon Yellow,,FALSE,,,,,
,,,,,,,,Waterspout,,FALSE,,,,,
,,,,,,,,"Weathered bamboo (lit. ""sooty"") (Susutake-iro)",,FALSE,,,,,
,,,,,,,,Weebly Blue,,FALSE,,,,,
,,,,,,,,Weebly Orange,,FALSE,,,,,
,,,,,,,,Weldon Blue,,FALSE,,,,,
,,,,,,,,Wenge,,FALSE,,,,,
,,,,,,,,Wheat,,FALSE,,,,,
,,,,,,,,White,,FALSE,,,,,
,,,,,,,,White chocolate,,FALSE,,,,,
,,,,,,,,White coffee,,FALSE,,,,,
,,,,,,,,White mouse (Shironezumi),,FALSE,,,,,
,,,,,,,,White oak (Shirotsurubami),,FALSE,,,,,
,,,,,,,,White tea-colored (Shiracha),,FALSE,,,,,
,,,,,,,,Whitish green (Byakuroku),,FALSE,,,,,
,,,,,,,,Wild blue yonder,,FALSE,,,,,
,,,,,,,,Wild orchid,,FALSE,,,,,
,,,,,,,,Wild Strawberry,,FALSE,,,,,
,,,,,,,,Willow dye (Yanagizome),,FALSE,,,,,
,,,,,,,,Willow grey (Yanaginezumi),,FALSE,,,,,
,,,,,,,,Willow tea (Yanagicha),,FALSE,,,,,
,,,,,,,,Willpower orange,,FALSE,,,,,
,,,,,,,,Wilted brown (lit. wilted lawn-clippings) (Shikancha),,FALSE,,,,,
,,,,,,,,Windsor tan,,FALSE,,,,,
,,,,,,,,Wine red,,FALSE,,,,,
,,,,,,,,Winter Sky,,FALSE,,,,,
,,,,,,,,Winter Wizard,,FALSE,,,,,
,,,,,,,,Wintergreen Dream,,FALSE,,,,,
,,,,,,,,Wisteria,,FALSE,,,,,
,,,,,,,,Wisteria and burnt-bamboo (Fujisusutake),,FALSE,,,,,
,,,,,,,,Wisteria color (Fuji-iro),,FALSE,,,,,
,,,,,,,,Wisteria purple (Fujimurasaki),,FALSE,,,,,
,,,,,,,,Xanadu,,FALSE,,,,,
,,,,,,,,Xbox Green,,FALSE,,,,,
,,,,,,,,Xiaomi Orange,,FALSE,,,,,
,,,,,,,,Yale Blue,,FALSE,,,,,
,,,,,,,,Yankees blue,,FALSE,,,,,
,,,,,,,,Yellow,,FALSE,,,,,
,,,,,,,,Yellow (Crayola),,FALSE,,,,,
,,,,,,,,Yellow (Munsell),,FALSE,,,,,
,,,,,,,,Yellow (Pantone),,FALSE,,,,,
,,,,,,,,Yellow (RYB),,FALSE,,,,,
,,,,,,,,Yellow Orange,,FALSE,,,,,
,,,,,,,,Yellow Orange (Color Wheel),,FALSE,,,,,
,,,,,,,,Yellow rose,,FALSE,,,,,
,,,,,,,,Yellow Sea pine-brown (Kimirucha),,FALSE,,,,,
,,,,,,,,Yellow-green,,FALSE,,,,,
,,,,,,,,Yellow-green (Color Wheel),,FALSE,,,,,
,,,,,,,,Yellow-green (Crayola),,FALSE,,,,,
,,,,,,,,YInMn Blue,,FALSE,,,,,
,,,,,,,,Young bamboo color (Wakatake-iro),,FALSE,,,,,
,,,,,,,,Youtube red,,FALSE,,,,,
,,,,,,,,Zaffre,,FALSE,,,,,
,,,,,,,,Zinnwaldite,,FALSE,,,,,
,,,,,,,,Zinnwaldite brown,,FALSE,,,,,
,,,,,,,,Zomp,,FALSE,,,,,
